timestamp,flight_id,angle_roll_est,angle_pitch_est,angle_roll,angle_pitch,angle_yaw,gyro_rate_roll,gyro_rate_pitch,gyro_rate_yaw,acc_x,acc_y,acc_z,tau_x,tau_y,tau_z,error_phi,error_theta,input_roll,input_pitch,input_yaw,motor_1,motor_2,motor_3,motor_4,altura,flight_mode,device_id,roll,pitch,yaw
2025-09-07T18:42:32.237000Z,2e702754-12da-4677-8056-3f6240b6755f,0,0.09,0.06,0.2,0,0.05,0.05,0.02,0,0,1,0,0,0,0,0,0,0,0,0,0,0,0,0,1,,0.06,0.2,0
2025-09-07T18:42:32.262000Z,2e702754-12da-4677-8056-3f6240b6755f,0.01,0.09,0.21,-0.03,0,-0.02,0.06,-0.03,0,0,1,0,0,0,0,0,0,0,0,0,0,0,0,0,1,,0.21,-0.03,0
2025-09-07T18:42:32.280000Z,2e702754-12da-4677-8056-3f6240b6755f,0.02,0.09,0.06,0.11,0,-0.06,-0.05,0,0,0,1,0,0,0,0,0,0,0,0,0,0,0,0,0,1,,0.06,0.11,0
2025-09-07T18:42:32.314000Z,2e702754-12da-4677-8056-3f6240b6755f,0.02,0.08,0.1,-0.01,0,-0.09,0.06,-0.02,0,0,1,0,0,0,0,0,0,0,0,0,0,0,0,0,1,,0.1,-0.01,0
2025-09-07T18:42:32.329000Z,2e702754-12da-4677-8056-3f6240b6755f,0.02,0.08,0.04,0.11,0,0,0.03,-0.02,0,0,1,0,0,0,0,0,0,0,0,0,0,0,0,0,1,,0.04,0.11,0
2025-09-07T18:42:32.360000Z,2e702754-12da-4677-8056-3f6240b6755f,0.03,0.09,0,0.11,0,-0.03,-0.02,-0.02,0,0,1,0,0,0,0,0,0,0,0,0,0,0,0,0,1,,0,0.11,0
2025-09-07T18:42:32.364000Z,2e702754-12da-4677-8056-3f6240b6755f,0.02,0.09,0.04,0.13,0,0.05,-0.05,0.02,0,0,1,0,0,0,0,0,0,0,0,0,0,0,0,0,1,,0.04,0.13,0
2025-09-07T18:42:32.386000Z,2e702754-12da-4677-8056-3f6240b6755f,0.01,0.09,-0.17,0.08,0,-0.06,-0.15,-0.02,0,0,1,0,0,0,0,0,0,0,0,0,0,0,0,0,1,,-0.17,0.08,0
2025-09-07T18:42:32.415000Z,2e702754-12da-4677-8056-3f6240b6755f,0.01,0.09,-0.03,0.22,0,-0.03,-0.17,0.02,0,0,1,0,0,0,0,0,0,0,0,0,0,0,0,0,1,,-0.03,0.22,0
2025-09-07T18:42:32.431000Z,2e702754-12da-4677-8056-3f6240b6755f,0,0.09,0.04,0.11,0,-0.05,-0.26,-0.02,0,0,1,0,0,0,0,0,0,0,0,0,0,0,0,0,1,,0.04,0.11,0
2025-09-07T18:42:32.457000Z,2e702754-12da-4677-8056-3f6240b6755f,0,0.09,-0.06,0.13,0,-0.02,-0.23,0.02,0,0,1,0,0,0,0,0,0,0,0,0,0,0,0,0,1,,-0.06,0.13,0
2025-09-07T18:42:32.478000Z,2e702754-12da-4677-8056-3f6240b6755f,0,0.08,0,0.11,0,0.03,-0.14,-0.02,0,0,1,0,0,0,0,0,0,0,0,0,0,0,0,0,1,,0,0.11,0
2025-09-07T18:42:32.500000Z,2e702754-12da-4677-8056-3f6240b6755f,-0.01,0.08,-0.21,-0.13,0,0,-0.11,0.03,0,0,1,0,0,0,0,0,0,0,0,0,0,0,0,0,1,,-0.21,-0.13,0
2025-09-07T18:42:32.525000Z,2e702754-12da-4677-8056-3f6240b6755f,-0.02,0.07,-0.07,0.03,0,-0.02,0.02,0,0,0,1,0,0,0,0,0,0,0,0,0,0,0,0,0,1,,-0.07,0.03,0
2025-09-07T18:42:32.537000Z,2e702754-12da-4677-8056-3f6240b6755f,-0.02,0.06,0.08,-0.01,0,-0.05,0.05,-0.02,0,0,1,0,0,0,0,0,0,0,0,0,0,0,0,0,1,,0.08,-0.01,0
2025-09-07T18:42:32.559000Z,2e702754-12da-4677-8056-3f6240b6755f,-0.01,0.07,-0.07,0.1,0,-0.06,0.08,-0.02,0,0,1,0,0,0,0,0,0,0,0,0,0,0,0,0,1,,-0.07,0.1,0
2025-09-07T18:42:32.590000Z,2e702754-12da-4677-8056-3f6240b6755f,-0.01,0.07,0.1,0,0,-0.09,0.09,-0.02,0,0,1,0,0,0,0,0,0,0,0,0,0,0,0,0,1,,0.1,0,0
2025-09-07T18:42:32.597000Z,2e702754-12da-4677-8056-3f6240b6755f,0.01,0.08,0.21,0.24,0,-0.06,0.03,-0.02,0,0,1,0,0,0,0,0,0,0,0,0,0,0,0,0,1,,0.21,0.24,0
2025-09-07T18:42:32.622000Z,2e702754-12da-4677-8056-3f6240b6755f,0.02,0.08,0.18,0.11,0,-0.03,0.03,-0.02,0,0,1,0,0,0,0,0,0,0,0,0,0,0,0,0,1,,0.18,0.11,0
2025-09-07T18:42:32.641000Z,2e702754-12da-4677-8056-3f6240b6755f,0.02,0.09,-0.08,0.15,0,-0.03,-0.12,0.02,0,0,1,0,0,0,0,0,0,0,0,0,0,0,0,0,1,,-0.08,0.15,0
2025-09-07T18:42:32.664000Z,2e702754-12da-4677-8056-3f6240b6755f,0.01,0.09,-0.07,0.06,0,-0.02,-0.09,-0.05,0,0,1,0,0,0,0,0,0,0,0,0,0,0,0,0,1,,-0.07,0.06,0
2025-09-07T18:42:32.692000Z,2e702754-12da-4677-8056-3f6240b6755f,0.01,0.09,-0.03,0.17,0,0.03,-0.15,-0.05,0,0,1,0,0,0,0,0,0,0,0,0,0,0,0,0,1,,-0.03,0.17,0
2025-09-07T18:42:32.713000Z,2e702754-12da-4677-8056-3f6240b6755f,-0.01,0.08,-0.11,-0.03,0,0,-0.11,0.02,0,0,1,0,0,0,0,0,0,0,0,0,0,0,0,0,1,,-0.11,-0.03,0
2025-09-07T18:42:32.731000Z,2e702754-12da-4677-8056-3f6240b6755f,-0.02,0.07,-0.15,0.03,0,-0.02,-0.06,0.05,0,0,1,0,0,0,0,0,0,0,0,0,0,0,0,0,1,,-0.15,0.03,0
2025-09-07T18:42:32.752000Z,2e702754-12da-4677-8056-3f6240b6755f,-0.01,0.07,0.08,0.08,0,0.02,0.03,0.02,0,0,1,0,0,0,0,0,0,0,0,0,0,0,0,0,1,,0.08,0.08,0
2025-09-07T18:42:32.773000Z,2e702754-12da-4677-8056-3f6240b6755f,-0.01,0.07,0.11,-0.01,0,-0.03,0.03,-0.03,0,0,1,0,0,0,0,0,0,0,0,0,0,0,0,0,1,,0.11,-0.01,0
2025-09-07T18:42:32.796000Z,2e702754-12da-4677-8056-3f6240b6755f,0.01,0.07,0.08,0.15,0,-0.03,0.08,0.02,0,0,1,0,0,0,0,0,0,0,0,0,0,0,0,0,1,,0.08,0.15,0
2025-09-07T18:42:32.823000Z,2e702754-12da-4677-8056-3f6240b6755f,0.02,0.07,0.22,0.13,0,-0.06,0.02,0.02,0,0,1,0,0,0,0,0,0,0,0,0,0,0,0,0,1,,0.22,0.13,0
2025-09-07T18:42:32.841000Z,2e702754-12da-4677-8056-3f6240b6755f,0.03,0.08,0.08,0.2,0,-0.03,-0.05,0.05,0,0,1,0,0,0,0,0,0,0,0,0,0,0,0,0,1,,0.08,0.2,0
2025-09-07T18:42:32.864000Z,2e702754-12da-4677-8056-3f6240b6755f,0.03,0.09,0.08,0.14,0,-0.05,-0.06,0.05,0,0,1,0,0,0,0,0,0,0,0,0,0,0,0,0,1,,0.08,0.14,0
2025-09-07T18:42:32.882000Z,2e702754-12da-4677-8056-3f6240b6755f,0.03,0.09,-0.03,0.1,0,0.06,-0.12,0.03,0,0,1,0,0,0,0,0,0,0,0,0,0,0,0,0,1,,-0.03,0.1,0
2025-09-07T18:42:32.904000Z,2e702754-12da-4677-8056-3f6240b6755f,0.02,0.08,-0.24,0.07,0,0,-0.17,-0.02,0,0,1,0,0,0,0,0,0,0,0,0,0,0,0,0,1,,-0.24,0.07,0
2025-09-07T18:42:32.924000Z,2e702754-12da-4677-8056-3f6240b6755f,0.01,0.08,-0.08,0.18,0,0.02,-0.14,0.02,0,0,1,0,0,0,0,0,0,0,0,0,0,0,0,0,1,,-0.08,0.18,0
2025-09-07T18:42:32.948000Z,2e702754-12da-4677-8056-3f6240b6755f,0,0.08,-0.1,-0.01,0,0,-0.06,0.02,0,0,1,0,0,0,0,0,0,0,0,0,0,0,0,0,1,,-0.1,-0.01,0
2025-09-07T18:42:32.972000Z,2e702754-12da-4677-8056-3f6240b6755f,0,0.08,-0.04,0.01,0,0,-0.03,-0.02,0,0,1,0,0,0,0,0,0,0,0,0,0,0,0,0,1,,-0.04,0.01,0
2025-09-07T18:42:32.997000Z,2e702754-12da-4677-8056-3f6240b6755f,0,0.07,0.13,0.14,0,-0.02,0.05,0,0,0,1,0,0,0,0,0,0,0,0,0,0,0,0,0,1,,0.13,0.14,0
2025-09-07T18:42:33.012000Z,2e702754-12da-4677-8056-3f6240b6755f,0.01,0.08,-0.03,0,0,0,0.09,0,0,0,1,0,0,0,0,0,0,0,0,0,0,0,0,0,1,,-0.03,0,0
2025-09-07T18:42:33.037000Z,2e702754-12da-4677-8056-3f6240b6755f,0.01,0.08,0.11,0.22,0,0,0.08,-0.05,0,0,1,0,0,0,0,0,0,0,0,0,0,0,0,0,1,,0.11,0.22,0
2025-09-07T18:42:33.060000Z,2e702754-12da-4677-8056-3f6240b6755f,0.01,0.08,0.01,0.04,0,0,0.06,-0.06,0,0,1,0,0,0,0,0,0,0,0,0,0,0,0,0,1,,0.01,0.04,0
2025-09-07T18:42:33.082000Z,2e702754-12da-4677-8056-3f6240b6755f,0.01,0.1,-0.07,0.22,0,0,-0.03,-0.02,0,0,1,0,0,0,0,0,0,0,0,0,0,0,0,0,1,,-0.07,0.22,0
2025-09-07T18:42:33.119000Z,2e702754-12da-4677-8056-3f6240b6755f,0.01,0.1,0.07,0.17,0,0.05,-0.08,0,0,0,1,0,0,0,0,0,0,0,0,0,0,0,0,0,1,,0.07,0.17,0
2025-09-07T18:42:33.127000Z,2e702754-12da-4677-8056-3f6240b6755f,0.01,0.1,-0.08,0.04,0,0.03,-0.12,0.03,0,0,1,0,0,0,0,0,0,0,0,0,0,0,0,0,1,,-0.08,0.04,0
2025-09-07T18:42:33.150000Z,2e702754-12da-4677-8056-3f6240b6755f,0.01,0.1,-0.07,0.17,0,0.02,-0.11,0.05,0,0,1,0,0,0,0,0,0,0,0,0,0,0,0,0,1,,-0.07,0.17,0
2025-09-07T18:42:33.175000Z,2e702754-12da-4677-8056-3f6240b6755f,0,0.09,-0.04,-0.01,0,-0.02,-0.11,0.03,0,0,1,0,0,0,0,0,0,0,0,0,0,0,0,0,1,,-0.04,-0.01,0
2025-09-07T18:42:33.202000Z,2e702754-12da-4677-8056-3f6240b6755f,-0.01,0.09,-0.04,0.03,0,-0.02,-0.06,0.06,0,0,1,0,0,0,0,0,0,0,0,0,0,0,0,0,1,,-0.04,0.03,0
2025-09-07T18:42:33.231000Z,2e702754-12da-4677-8056-3f6240b6755f,0,0.08,0.1,-0.06,0,-0.06,0.02,0.02,0,0,1,0,0,0,0,0,0,0,0,0,0,0,0,0,1,,0.1,-0.06,0
2025-09-07T18:42:33.241000Z,2e702754-12da-4677-8056-3f6240b6755f,0,0.07,0.11,0.01,0,-0.06,0.05,0.05,0,0,1,0,0,0,0,0,0,0,0,0,0,0,0,0,1,,0.11,0.01,0
2025-09-07T18:42:33.260000Z,2e702754-12da-4677-8056-3f6240b6755f,0.01,0.07,0.01,0.01,0,-0.08,0.06,-0.03,0,0,1,0,0,0,0,0,0,0,0,0,0,0,0,0,1,,0.01,0.01,0
2025-09-07T18:42:33.281000Z,2e702754-12da-4677-8056-3f6240b6755f,0.01,0.08,0.21,0.13,0,0.02,0.03,-0.02,0,0,1,0,0,0,0,0,0,0,0,0,0,0,0,0,1,,0.21,0.13,0
2025-09-07T18:42:33.300000Z,2e702754-12da-4677-8056-3f6240b6755f,0.02,0.08,0.08,0.07,0,-0.03,0.02,0.02,0,0,1,0,0,0,0,0,0,0,0,0,0,0,0,0,1,,0.08,0.07,0
2025-09-07T18:42:33.327000Z,2e702754-12da-4677-8056-3f6240b6755f,0.03,0.09,0.1,0.25,0,0,-0.02,0.02,0,0,1,0,0,0,0,0,0,0,0,0,0,0,0,0,1,,0.1,0.25,0
2025-09-07T18:42:33.360000Z,2e702754-12da-4677-8056-3f6240b6755f,0.03,0.09,0,0.1,0,0.02,-0.06,-0.03,0,0,1,0,0,0,0,0,0,0,0,0,0,0,0,0,1,,0,0.1,0
2025-09-07T18:42:33.365000Z,2e702754-12da-4677-8056-3f6240b6755f,0.02,0.1,-0.21,0.14,0,0.05,-0.08,0.02,0,0,1,0,0,0,0,0,0,0,0,0,0,0,0,0,1,,-0.21,0.14,0
2025-09-07T18:42:33.390000Z,2e702754-12da-4677-8056-3f6240b6755f,0.01,0.09,-0.08,0.15,0,0,0,0.02,0,0,1,0,0,0,0,0,0,0,0,0,0,0,0,0,1,,-0.08,0.15,0
2025-09-07T18:42:33.409000Z,2e702754-12da-4677-8056-3f6240b6755f,0,0.09,-0.01,-0.11,0,-0.03,-0.02,-0.02,0,0,1,0,0,0,0,0,0,0,0,0,0,0,0,0,1,,-0.01,-0.11,0
2025-09-07T18:42:33.436000Z,2e702754-12da-4677-8056-3f6240b6755f,0,0.08,-0.06,0.11,0,0,0,0,0,0,1,0,0,0,0,0,0,0,0,0,0,0,0,0,1,,-0.06,0.11,0
2025-09-07T18:42:33.455000Z,2e702754-12da-4677-8056-3f6240b6755f,0.01,0.08,0.17,-0.08,0,-0.03,0.02,0,0,0,1,0,0,0,0,0,0,0,0,0,0,0,0,0,1,,0.17,-0.08,0
2025-09-07T18:42:33.478000Z,2e702754-12da-4677-8056-3f6240b6755f,0.01,0.08,0.08,0.11,0,-0.02,0,0.05,0,0,1,0,0,0,0,0,0,0,0,0,0,0,0,0,1,,0.08,0.11,0
2025-09-07T18:42:33.503000Z,2e702754-12da-4677-8056-3f6240b6755f,0.02,0.08,0.15,0.06,0,-0.06,0.06,-0.02,0,0,1,0,0,0,0,0,0,0,0,0,0,0,0,0,1,,0.15,0.06,0
2025-09-07T18:42:33.528000Z,2e702754-12da-4677-8056-3f6240b6755f,0.03,0.09,0.13,0.18,0,0,0,0.02,0,0,1,0,0,0,0,0,0,0,0,0,0,0,0,0,1,,0.13,0.18,0
2025-09-07T18:42:33.546000Z,2e702754-12da-4677-8056-3f6240b6755f,0.03,0.09,0.03,0.07,0,0.02,-0.02,0.02,0,0,1,0,0,0,0,0,0,0,0,0,0,0,0,0,1,,0.03,0.07,0
2025-09-07T18:42:33.566000Z,2e702754-12da-4677-8056-3f6240b6755f,0.04,0.09,0.06,0.08,0,0.03,-0.09,0,0,0,1,0,0,0,0,0,0,0,0,0,0,0,0,0,1,,0.06,0.08,0
2025-09-07T18:42:33.585000Z,2e702754-12da-4677-8056-3f6240b6755f,0.03,0.09,-0.08,0.04,0,0,-0.11,0,0,0,1,0,0,0,0,0,0,0,0,0,0,0,0,0,1,,-0.08,0.04,0
2025-09-07T18:42:33.604000Z,2e702754-12da-4677-8056-3f6240b6755f,0.03,0.08,-0.13,0.04,0,0.02,-0.08,0.02,0,0,1,0,0,0,0,0,0,0,0,0,0,0,0,0,1,,-0.13,0.04,0
2025-09-07T18:42:33.626000Z,2e702754-12da-4677-8056-3f6240b6755f,0.02,0.08,-0.04,0.15,0,0,0,0,0,0,1,0,0,0,0,0,0,0,0,0,0,0,0,0,1,,-0.04,0.15,0
2025-09-07T18:42:33.654000Z,2e702754-12da-4677-8056-3f6240b6755f,0.01,0.08,-0.14,0.01,0,-0.02,0,0.02,0,0,1,0,0,0,0,0,0,0,0,0,0,0,0,0,1,,-0.14,0.01,0
2025-09-07T18:42:33.671000Z,2e702754-12da-4677-8056-3f6240b6755f,0.01,0.08,0,0.15,0,-0.06,0.03,0,0,0,1,0,0,0,0,0,0,0,0,0,0,0,0,0,1,,0,0.15,0
2025-09-07T18:42:33.702000Z,2e702754-12da-4677-8056-3f6240b6755f,0,0.08,0.01,-0.03,0,-0.06,0,-0.03,0,0,1,0,0,0,0,0,0,0,0,0,0,0,0,0,1,,0.01,-0.03,0
2025-09-07T18:42:33.714000Z,2e702754-12da-4677-8056-3f6240b6755f,0.01,0.08,0.04,0.13,0,-0.05,0,0.03,0,0,1,0,0,0,0,0,0,0,0,0,0,0,0,0,1,,0.04,0.13,0
2025-09-07T18:42:33.736000Z,2e702754-12da-4677-8056-3f6240b6755f,0.01,0.07,0.06,0.06,0,0.02,-0.05,0.02,0,0,1,0,0,0,0,0,0,0,0,0,0,0,0,0,1,,0.06,0.06,0
2025-09-07T18:42:33.758000Z,2e702754-12da-4677-8056-3f6240b6755f,0.01,0.08,0,0.17,0,0,-0.06,0.06,0,0,1,0,0,0,0,0,0,0,0,0,0,0,0,0,1,,0,0.17,0
2025-09-07T18:42:33.781000Z,2e702754-12da-4677-8056-3f6240b6755f,0.01,0.08,-0.04,-0.01,0,-0.03,-0.08,0.03,0,0,1,0,0,0,0,0,0,0,0,0,0,0,0,0,1,,-0.04,-0.01,0
2025-09-07T18:42:33.801000Z,2e702754-12da-4677-8056-3f6240b6755f,0,0.08,0.04,0.04,0,0,-0.09,0,0,0,1,0,0,0,0,0,0,0,0,0,0,0,0,0,1,,0.04,0.04,0
2025-09-07T18:42:33.815000Z,2e702754-12da-4677-8056-3f6240b6755f,0,0.07,-0.07,-0.07,0,-0.03,-0.05,0.03,0,0,1,0,0,0,0,0,0,0,0,0,0,0,0,0,1,,-0.07,-0.07,0
2025-09-07T18:42:33.838000Z,2e702754-12da-4677-8056-3f6240b6755f,0,0.07,-0.07,0.13,0,0.06,-0.05,0,0,0,1,0,0,0,0,0,0,0,0,0,0,0,0,0,1,,-0.07,0.13,0
2025-09-07T18:42:33.860000Z,2e702754-12da-4677-8056-3f6240b6755f,-0.01,0.07,-0.15,-0.01,0,-0.02,0.05,0.03,0,0,1,0,0,0,0,0,0,0,0,0,0,0,0,0,1,,-0.15,-0.01,0
2025-09-07T18:42:33.905000Z,2e702754-12da-4677-8056-3f6240b6755f,-0.01,0.06,-0.08,-0.06,0,0,0.03,0,0,0,1,0,0,0,0,0,0,0,0,0,0,0,0,0,1,,-0.08,-0.06,0
2025-09-07T18:42:33.906000Z,2e702754-12da-4677-8056-3f6240b6755f,-0.02,0.06,0.03,0.2,0,0.03,0.03,0,0,0,1,0,0,0,0,0,0,0,0,0,0,0,0,0,1,,0.03,0.2,0
2025-09-07T18:42:33.947000Z,2e702754-12da-4677-8056-3f6240b6755f,-0.02,0.07,-0.04,-0.1,0,-0.05,0.05,-0.02,0,0,1,0,0,0,0,0,0,0,0,0,0,0,0,0,1,,-0.04,-0.1,0
2025-09-07T18:42:33.957000Z,2e702754-12da-4677-8056-3f6240b6755f,-0.02,0.07,0.07,0.18,0,-0.02,0.05,-0.02,0,0,1,0,0,0,0,0,0,0,0,0,0,0,0,0,1,,0.07,0.18,0
2025-09-07T18:42:33.978000Z,2e702754-12da-4677-8056-3f6240b6755f,-0.01,0.07,0.06,0.01,0,0,-0.02,-0.05,0,0,1,0,0,0,0,0,0,0,0,0,0,0,0,0,1,,0.06,0.01,0
2025-09-07T18:42:33.993000Z,2e702754-12da-4677-8056-3f6240b6755f,-0.01,0.08,0.06,0.24,0,0.05,-0.06,0.02,0,0,1,0,0,0,0,0,0,0,0,0,0,0,0,0,1,,0.06,0.24,0
2025-09-07T18:42:34.032000Z,2e702754-12da-4677-8056-3f6240b6755f,-0.01,0.07,0.01,0.04,0,0,-0.06,0,0,0,1,0,0,0,0,0,0,0,0,0,0,0,0,0,1,,0.01,0.04,0
2025-09-07T18:42:34.035000Z,2e702754-12da-4677-8056-3f6240b6755f,-0.01,0.07,-0.11,0.11,0,0.03,-0.08,0.05,0,0,1,0,0,0,0,0,0,0,0,0,0,0,0,0,1,,-0.11,0.11,0
2025-09-07T18:42:34.066000Z,2e702754-12da-4677-8056-3f6240b6755f,-0.01,0.07,0.03,0.13,0,-0.02,-0.05,0.03,0,0,1,0,0,0,0,0,0,0,0,0,0,0,0,0,1,,0.03,0.13,0
2025-09-07T18:42:34.078000Z,2e702754-12da-4677-8056-3f6240b6755f,-0.01,0.07,-0.06,-0.03,0,0.02,0,0.02,0,0,1,0,0,0,0,0,0,0,0,0,0,0,0,0,1,,-0.06,-0.03,0
2025-09-07T18:42:34.098000Z,2e702754-12da-4677-8056-3f6240b6755f,-0.01,0.07,-0.06,0.08,0,-0.02,0.03,0.03,0,0,1,0,0,0,0,0,0,0,0,0,0,0,0,0,1,,-0.06,0.08,0
2025-09-07T18:42:34.122000Z,2e702754-12da-4677-8056-3f6240b6755f,-0.01,0.07,0.06,0.03,0,-0.02,0.02,0.02,0,0,1,0,0,0,0,0,0,0,0,0,0,0,0,0,1,,0.06,0.03,0
2025-09-07T18:42:34.145000Z,2e702754-12da-4677-8056-3f6240b6755f,-0.01,0.07,0,0.03,0,-0.06,0.03,0.03,0,0,1,0,0,0,0,0,0,0,0,0,0,0,0,0,1,,0,0.03,0
2025-09-07T18:42:34.163000Z,2e702754-12da-4677-8056-3f6240b6755f,0,0.07,0.08,0.07,0,-0.05,0.03,0.05,0,0,1,0,0,0,0,0,0,0,0,0,0,0,0,0,1,,0.08,0.07,0
2025-09-07T18:42:34.186000Z,2e702754-12da-4677-8056-3f6240b6755f,0,0.06,0.18,0.07,0,0,-0.06,0.02,0,0,1,0,0,0,0,0,0,0,0,0,0,0,0,0,1,,0.18,0.07,0
2025-09-07T18:42:34.213000Z,2e702754-12da-4677-8056-3f6240b6755f,0.01,0.06,0.04,0.03,0,-0.03,-0.06,0.02,0,0,1,0,0,0,0,0,0,0,0,0,0,0,0,0,1,,0.04,0.03,0
2025-09-07T18:42:34.228000Z,2e702754-12da-4677-8056-3f6240b6755f,0.02,0.06,0.14,0.21,0,0,-0.03,0.05,0,0,1,0,0,0,0,0,0,0,0,0,0,0,0,0,1,,0.14,0.21,0
2025-09-07T18:42:34.264000Z,2e702754-12da-4677-8056-3f6240b6755f,0.01,0.06,-0.04,-0.04,0,0,-0.06,-0.03,0,0,1,0,0,0,0,0,0,0,0,0,0,0,0,0,1,,-0.04,-0.04,0
2025-09-07T18:42:34.276000Z,2e702754-12da-4677-8056-3f6240b6755f,0.02,0.06,-0.01,0.04,0,0.02,-0.06,0.02,0,0,1,0,0,0,0,0,0,0,0,0,0,0,0,0,1,,-0.01,0.04,0
2025-09-07T18:42:34.313000Z,2e702754-12da-4677-8056-3f6240b6755f,0.02,0.06,0.06,0.13,0,-0.05,0,-0.02,0,0,1,0,0,0,0,0,0,0,0,0,0,0,0,0,1,,0.06,0.13,0
2025-09-07T18:42:34.326000Z,2e702754-12da-4677-8056-3f6240b6755f,0.01,0.06,-0.07,-0.06,0,-0.05,-0.03,0.05,0,0,1,0,0,0,0,0,0,0,0,0,0,0,0,0,1,,-0.07,-0.06,0
2025-09-07T18:42:34.360000Z,2e702754-12da-4677-8056-3f6240b6755f,0.01,0.06,-0.04,0.22,0,-0.02,0.02,0.03,0,0,1,0,0,0,0,0,0,0,0,0,0,0,0,0,1,,-0.04,0.22,0
2025-09-07T18:42:34.374000Z,2e702754-12da-4677-8056-3f6240b6755f,0.01,0.06,0.01,0,0,-0.02,0.03,0.02,0,0,1,0,0,0,0,0,0,0,0,0,0,0,0,0,1,,0.01,0,0
2025-09-07T18:42:34.406000Z,2e702754-12da-4677-8056-3f6240b6755f,0.01,0.07,0.04,0.11,0,-0.02,-0.05,0,0,0,1,0,0,0,0,0,0,0,0,0,0,0,0,0,1,,0.04,0.11,0
2025-09-07T18:42:34.415000Z,2e702754-12da-4677-8056-3f6240b6755f,0.01,0.08,0.07,0.17,0,0,0.03,0.05,0,0,1,0,0,0,0,0,0,0,0,0,0,0,0,0,1,,0.07,0.17,0
2025-09-07T18:42:34.436000Z,2e702754-12da-4677-8056-3f6240b6755f,0.02,0.08,0.15,0.13,0,0.02,-0.03,0.02,0,0,1,0,0,0,0,0,0,0,0,0,0,0,0,0,1,,0.15,0.13,0
2025-09-07T18:42:34.471000Z,2e702754-12da-4677-8056-3f6240b6755f,0.02,0.08,0,0.13,0,0.02,-0.08,-0.02,0,0,1,0,0,0,0,0,0,0,0,0,0,0,0,0,1,,0,0.13,0
2025-09-07T18:42:34.483000Z,2e702754-12da-4677-8056-3f6240b6755f,0.03,0.08,-0.01,0.07,0,0.02,-0.05,0.06,0,0,1,0,0,0,0,0,0,0,0,0,0,0,0,0,1,,-0.01,0.07,0
2025-09-07T18:42:34.507000Z,2e702754-12da-4677-8056-3f6240b6755f,0.03,0.08,0,0.18,0,0.06,-0.08,0.03,0,0,1,0,0,0,0,0,0,0,0,0,0,0,0,0,1,,0,0.18,0
2025-09-07T18:42:34.534000Z,2e702754-12da-4677-8056-3f6240b6755f,0.01,0.08,-0.11,0,0,-0.05,-0.03,0.02,0,0,1,0,0,0,0,0,0,0,0,0,0,0,0,0,1,,-0.11,0,0
2025-09-07T18:42:34.559000Z,2e702754-12da-4677-8056-3f6240b6755f,0.02,0.08,0.06,0.08,0,0.02,0.02,0.05,0,0,1,0,0,0,0,0,0,0,0,0,0,0,0,0,1,,0.06,0.08,0
2025-09-07T18:42:34.578000Z,2e702754-12da-4677-8056-3f6240b6755f,0.01,0.08,-0.07,0,0,-0.03,-0.03,-0.02,0,0,1,0,0,0,0,0,0,0,0,0,0,0,0,0,1,,-0.07,0,0
2025-09-07T18:42:34.591000Z,2e702754-12da-4677-8056-3f6240b6755f,0,0.08,-0.13,0.03,0,-0.02,0.05,0.02,0,0,1,0,0,0,0,0,0,0,0,0,0,0,0,0,1,,-0.13,0.03,0
2025-09-07T18:42:34.613000Z,2e702754-12da-4677-8056-3f6240b6755f,0,0.07,0.08,0.1,0,-0.03,0.05,-0.02,0,0,1,0,0,0,0,0,0,0,0,0,0,0,0,0,1,,0.08,0.1,0
2025-09-07T18:42:34.636000Z,2e702754-12da-4677-8056-3f6240b6755f,0,0.08,-0.01,0.03,0,0,-0.03,0.03,0,0,1,0,0,0,0,0,0,0,0,0,0,0,0,0,1,,-0.01,0.03,0
2025-09-07T18:42:34.657000Z,2e702754-12da-4677-8056-3f6240b6755f,0,0.08,0.01,0.1,0,-0.06,-0.09,0,0,0,1,0,0,0,0,0,0,0,0,0,0,0,0,0,1,,0.01,0.1,0
2025-09-07T18:42:34.686000Z,2e702754-12da-4677-8056-3f6240b6755f,0,0.08,0.03,0.07,0,0,-0.14,0.02,0,0,1,0,0,0,0,0,0,0,0,0,0,0,0,0,1,,0.03,0.07,0
2025-09-07T18:42:34.716000Z,2e702754-12da-4677-8056-3f6240b6755f,0,0.07,-0.01,0.06,0,0,-0.09,0,0,0,1,0,0,0,0,0,0,0,0,0,0,0,0,0,1,,-0.01,0.06,0
2025-09-07T18:42:34.720000Z,2e702754-12da-4677-8056-3f6240b6755f,0,0.07,-0.04,-0.07,0,0.02,-0.06,0.02,0,0,1,0,0,0,0,0,0,0,0,0,0,0,0,0,1,,-0.04,-0.07,0
2025-09-07T18:42:34.748000Z,2e702754-12da-4677-8056-3f6240b6755f,-0.01,0.06,-0.06,0.07,0,0.02,-0.08,0.05,0,0,1,0,0,0,0,0,0,0,0,0,0,0,0,0,1,,-0.06,0.07,0
2025-09-07T18:42:34.778000Z,2e702754-12da-4677-8056-3f6240b6755f,-0.01,0.06,-0.04,-0.06,0,-0.05,-0.02,0.05,0,0,1,0,0,0,0,0,0,0,0,0,0,0,0,0,1,,-0.04,-0.06,0
2025-09-07T18:42:34.799000Z,2e702754-12da-4677-8056-3f6240b6755f,0,0.06,0.13,0.1,0,0,-0.03,0.06,0,0,1,0,0,0,0,0,0,0,0,0,0,0,0,0,1,,0.13,0.1,0
2025-09-07T18:42:34.816000Z,2e702754-12da-4677-8056-3f6240b6755f,0,0.05,0,-0.08,0,-0.11,0.06,-0.02,0,0,1,0,0,0,0,0,0,0,0,0,0,0,0,0,1,,0,-0.08,0
2025-09-07T18:42:34.846000Z,2e702754-12da-4677-8056-3f6240b6755f,0,0.06,0.04,0.18,0,0,0.02,0.03,0,0,1,0,0,0,0,0,0,0,0,0,0,0,0,0,1,,0.04,0.18,0
2025-09-07T18:42:34.858000Z,2e702754-12da-4677-8056-3f6240b6755f,0.01,0.06,0.11,0.01,0,-0.03,0.03,-0.05,0,0,1,0,0,0,0,0,0,0,0,0,0,0,0,0,1,,0.11,0.01,0
2025-09-07T18:42:34.883000Z,2e702754-12da-4677-8056-3f6240b6755f,0.01,0.06,-0.1,0.01,0,0.05,-0.02,0,0,0,1,0,0,0,0,0,0,0,0,0,0,0,0,0,1,,-0.1,0.01,0
2025-09-07T18:42:34.899000Z,2e702754-12da-4677-8056-3f6240b6755f,0.01,0.07,-0.04,0.18,0,0.05,-0.08,0.02,0,0,1,0,0,0,0,0,0,0,0,0,0,0,0,0,1,,-0.04,0.18,0
2025-09-07T18:42:34.918000Z,2e702754-12da-4677-8056-3f6240b6755f,0.01,0.06,-0.03,-0.01,0,0.02,-0.06,0,0,0,1,0,0,0,0,0,0,0,0,0,0,0,0,0,1,,-0.03,-0.01,0
2025-09-07T18:42:34.940000Z,2e702754-12da-4677-8056-3f6240b6755f,0,0.07,-0.11,0.17,0,0,-0.08,0.02,0,0,1,0,0,0,0,0,0,0,0,0,0,0,0,0,1,,-0.11,0.17,0
2025-09-07T18:42:34.965000Z,2e702754-12da-4677-8056-3f6240b6755f,0,0.06,0.03,-0.04,0,-0.02,-0.02,-0.02,0,0,1,0,0,0,0,0,0,0,0,0,0,0,0,0,1,,0.03,-0.04,0
2025-09-07T18:42:34.982000Z,2e702754-12da-4677-8056-3f6240b6755f,0,0.06,-0.01,-0.01,0,0,0.03,0.03,0,0,1,0,0,0,0,0,0,0,0,0,0,0,0,0,1,,-0.01,-0.01,0
2025-09-07T18:42:35.005000Z,2e702754-12da-4677-8056-3f6240b6755f,0,0.06,0.01,0.01,0,-0.03,0.05,-0.02,0,0,1,0,0,0,0,0,0,0,0,0,0,0,0,0,1,,0.01,0.01,0
2025-09-07T18:42:35.034000Z,2e702754-12da-4677-8056-3f6240b6755f,0.01,0.06,0.22,0.13,0,-0.02,0.08,-0.02,0,0,1,0,0,0,0,0,0,0,0,0,0,0,0,0,1,,0.22,0.13,0
2025-09-07T18:42:35.052000Z,2e702754-12da-4677-8056-3f6240b6755f,0.02,0.06,0.04,0.04,0,-0.08,0.05,-0.02,0,0,1,0,0,0,0,0,0,0,0,0,0,0,0,0,1,,0.04,0.04,0
2025-09-07T18:42:35.086000Z,2e702754-12da-4677-8056-3f6240b6755f,0.02,0.07,0,0.18,0,0,0.02,0.05,0,0,1,0,0,0,0,0,0,0,0,0,0,0,0,0,1,,0,0.18,0
2025-09-07T18:42:35.094000Z,2e702754-12da-4677-8056-3f6240b6755f,0.02,0.07,-0.03,0.01,0,-0.02,0.03,0,0,0,1,0,0,0,0,0,0,0,0,0,0,0,0,0,1,,-0.03,0.01,0
2025-09-07T18:42:35.114000Z,2e702754-12da-4677-8056-3f6240b6755f,0.02,0.07,-0.04,0.14,0,0.02,-0.06,0.02,0,0,1,0,0,0,0,0,0,0,0,0,0,0,0,0,1,,-0.04,0.14,0
2025-09-07T18:42:35.138000Z,2e702754-12da-4677-8056-3f6240b6755f,0.02,0.07,0.1,0.13,0,0.02,-0.08,-0.05,0,0,1,0,0,0,0,0,0,0,0,0,0,0,0,0,1,,0.1,0.13,0
2025-09-07T18:42:35.170000Z,2e702754-12da-4677-8056-3f6240b6755f,0.01,0.07,-0.07,-0.04,0,-0.02,-0.08,0,0,0,1,0,0,0,0,0,0,0,0,0,0,0,0,0,1,,-0.07,-0.04,0
2025-09-07T18:42:35.183000Z,2e702754-12da-4677-8056-3f6240b6755f,0.02,0.07,0.06,0.15,0,0.02,-0.03,-0.02,0,0,1,0,0,0,0,0,0,0,0,0,0,0,0,0,1,,0.06,0.15,0
2025-09-07T18:42:35.202000Z,2e702754-12da-4677-8056-3f6240b6755f,0.02,0.06,0.07,-0.13,0,-0.05,-0.05,-0.05,0,0,1,0,0,0,0,0,0,0,0,0,0,0,0,0,1,,0.07,-0.13,0
2025-09-07T18:42:35.234000Z,2e702754-12da-4677-8056-3f6240b6755f,0.02,0.06,0.03,0.04,0,-0.05,-0.05,0.03,0,0,1,0,0,0,0,0,0,0,0,0,0,0,0,0,1,,0.03,0.04,0
2025-09-07T18:42:35.247000Z,2e702754-12da-4677-8056-3f6240b6755f,0.02,0.05,0.13,0.11,0,-0.08,0.05,-0.03,0,0,1,0,0,0,0,0,0,0,0,0,0,0,0,0,1,,0.13,0.11,0
2025-09-07T18:42:35.283000Z,2e702754-12da-4677-8056-3f6240b6755f,0.02,0.06,0.03,0.08,0,-0.06,0.02,0.03,0,0,1,0,0,0,0,0,0,0,0,0,0,0,0,0,1,,0.03,0.08,0
2025-09-07T18:42:35.290000Z,2e702754-12da-4677-8056-3f6240b6755f,0.02,0.06,0.01,0.2,0,-0.06,0.03,0.05,0,0,1,0,0,0,0,0,0,0,0,0,0,0,0,0,1,,0.01,0.2,0
2025-09-07T18:42:35.319000Z,2e702754-12da-4677-8056-3f6240b6755f,0.03,0.07,0.08,0.13,0,0.02,0.02,0,0,0,1,0,0,0,0,0,0,0,0,0,0,0,0,0,1,,0.08,0.13,0
2025-09-07T18:42:35.343000Z,2e702754-12da-4677-8056-3f6240b6755f,0.02,0.08,-0.01,0.18,0,0,-0.05,0,0,0,1,0,0,0,0,0,0,0,0,0,0,0,0,0,1,,-0.01,0.18,0
2025-09-07T18:42:35.367000Z,2e702754-12da-4677-8056-3f6240b6755f,0.03,0.08,0.04,0.13,0,0,-0.05,0,0,0,1,0,0,0,0,0,0,0,0,0,0,0,0,0,1,,0.04,0.13,0
2025-09-07T18:42:35.390000Z,2e702754-12da-4677-8056-3f6240b6755f,0.03,0.08,0.07,0.07,0,0,-0.05,-0.02,0,0,1,0,0,0,0,0,0,0,0,0,0,0,0,0,1,,0.07,0.07,0
2025-09-07T18:42:35.401000Z,2e702754-12da-4677-8056-3f6240b6755f,0.02,0.08,-0.06,-0.03,0,-0.02,-0.08,-0.02,0,0,1,0,0,0,0,0,0,0,0,0,0,0,0,0,1,,-0.06,-0.03,0
2025-09-07T18:42:35.423000Z,2e702754-12da-4677-8056-3f6240b6755f,0.02,0.07,0.06,0.06,0,-0.02,-0.03,0,0,0,1,0,0,0,0,0,0,0,0,0,0,0,0,0,1,,0.06,0.06,0
2025-09-07T18:42:35.442000Z,2e702754-12da-4677-8056-3f6240b6755f,0.02,0.07,0.01,-0.08,0,-0.06,0.03,0,0,0,1,0,0,0,0,0,0,0,0,0,0,0,0,0,1,,0.01,-0.08,0
2025-09-07T18:42:35.465000Z,2e702754-12da-4677-8056-3f6240b6755f,0.02,0.06,-0.03,0.06,0,0,0.03,0.02,0,0,1.01,0,0,0,0,0,0,0,0,0,0,0,0,0,1,,-0.03,0.06,0
2025-09-07T18:42:35.496000Z,2e702754-12da-4677-8056-3f6240b6755f,0.02,0.06,0.03,-0.07,0,-0.03,0.06,0.02,0,0,1,0,0,0,0,0,0,0,0,0,0,0,0,0,1,,0.03,-0.07,0
2025-09-07T18:42:35.514000Z,2e702754-12da-4677-8056-3f6240b6755f,0.02,0.06,0,0.07,0,0,-0.05,-0.02,0,0,1,0,0,0,0,0,0,0,0,0,0,0,0,0,1,,0,0.07,0
2025-09-07T18:42:35.543000Z,2e702754-12da-4677-8056-3f6240b6755f,0.02,0.05,0.08,0.04,0,-0.03,0.03,-0.02,0,0,1,0,0,0,0,0,0,0,0,0,0,0,0,0,1,,0.08,0.04,0
2025-09-07T18:42:35.557000Z,2e702754-12da-4677-8056-3f6240b6755f,0.02,0.06,-0.01,0.06,0,-0.03,-0.06,0.02,0,0,1,0,0,0,0,0,0,0,0,0,0,0,0,0,1,,-0.01,0.06,0
2025-09-07T18:42:35.580000Z,2e702754-12da-4677-8056-3f6240b6755f,0.02,0.06,-0.06,0.2,0,-0.02,-0.11,-0.02,0,0,1,0,0,0,0,0,0,0,0,0,0,0,0,0,1,,-0.06,0.2,0
2025-09-07T18:42:35.599000Z,2e702754-12da-4677-8056-3f6240b6755f,0.01,0.07,-0.01,0.1,0,-0.06,-0.08,0.02,0,0,1,0,0,0,0,0,0,0,0,0,0,0,0,0,1,,-0.01,0.1,0
2025-09-07T18:42:35.624000Z,2e702754-12da-4677-8056-3f6240b6755f,0.01,0.07,0.01,0.11,0,0.06,-0.03,0.02,0,0,1,0,0,0,0,0,0,0,0,0,0,0,0,0,1,,0.01,0.11,0
2025-09-07T18:42:35.642000Z,2e702754-12da-4677-8056-3f6240b6755f,0.01,0.07,-0.14,0,0,0.02,0.05,0,0,0,1,0,0,0,0,0,0,0,0,0,0,0,0,0,1,,-0.14,0,0
2025-09-07T18:42:35.666000Z,2e702754-12da-4677-8056-3f6240b6755f,0,0.07,0.1,0.15,0,-0.05,-0.02,0.02,0,0,1,0,0,0,0,0,0,0,0,0,0,0,0,0,1,,0.1,0.15,0
2025-09-07T18:42:35.687000Z,2e702754-12da-4677-8056-3f6240b6755f,0,0.07,-0.03,0,0,-0.08,0.05,0,0,0,1,0,0,0,0,0,0,0,0,0,0,0,0,0,1,,-0.03,0,0
2025-09-07T18:42:35.711000Z,2e702754-12da-4677-8056-3f6240b6755f,0,0.07,0.03,0.1,0,-0.06,0.02,0.03,0,0,1,0,0,0,0,0,0,0,0,0,0,0,0,0,1,,0.03,0.1,0
2025-09-07T18:42:35.727000Z,2e702754-12da-4677-8056-3f6240b6755f,0.01,0.07,0.14,0.11,0,-0.06,0.06,-0.03,0,0,1,0,0,0,0,0,0,0,0,0,0,0,0,0,1,,0.14,0.11,0
2025-09-07T18:42:35.758000Z,2e702754-12da-4677-8056-3f6240b6755f,0.02,0.09,0.07,0.21,0,-0.03,-0.02,0.03,0,0,1,0,0,0,0,0,0,0,0,0,0,0,0,0,1,,0.07,0.21,0
2025-09-07T18:42:35.773000Z,2e702754-12da-4677-8056-3f6240b6755f,0.02,0.1,0.08,0.22,0,-0.02,0,-0.02,0,0,1,0,0,0,0,0,0,0,0,0,0,0,0,0,1,,0.08,0.22,0
2025-09-07T18:42:35.794000Z,2e702754-12da-4677-8056-3f6240b6755f,0.02,0.1,-0.11,0.04,0,0.03,-0.05,0.03,0,0,1,0,0,0,0,0,0,0,0,0,0,0,0,0,1,,-0.11,0.04,0
2025-09-07T18:42:35.824000Z,2e702754-12da-4677-8056-3f6240b6755f,0.01,0.1,-0.13,0.25,0,0.06,-0.03,0.02,0,0,1,0,0,0,0,0,0,0,0,0,0,0,0,0,1,,-0.13,0.25,0
2025-09-07T18:42:35.841000Z,2e702754-12da-4677-8056-3f6240b6755f,0,0.1,-0.04,0.07,0,0.03,0,-0.03,0,0,1,0,0,0,0,0,0,0,0,0,0,0,0,0,1,,-0.04,0.07,0
2025-09-07T18:42:35.871000Z,2e702754-12da-4677-8056-3f6240b6755f,0,0.1,-0.11,0.04,0,0.05,0.03,0.03,0,0,1,0,0,0,0,0,0,0,0,0,0,0,0,0,1,,-0.11,0.04,0
2025-09-07T18:42:35.895000Z,2e702754-12da-4677-8056-3f6240b6755f,0,0.1,0.01,0.1,0,-0.06,0.05,0.02,0,0,1,0,0,0,0,0,0,0,0,0,0,0,0,0,1,,0.01,0.1,0
2025-09-07T18:42:35.904000Z,2e702754-12da-4677-8056-3f6240b6755f,0,0.1,0.15,0.1,0,-0.03,0.05,0.02,0,0,1,0,0,0,0,0,0,0,0,0,0,0,0,0,1,,0.15,0.1,0
2025-09-07T18:42:35.925000Z,2e702754-12da-4677-8056-3f6240b6755f,0.01,0.1,0.07,0.07,0,-0.06,0.06,-0.02,0,0,1,0,0,0,0,0,0,0,0,0,0,0,0,0,1,,0.07,0.07,0
2025-09-07T18:42:35.947000Z,2e702754-12da-4677-8056-3f6240b6755f,0.02,0.11,0.08,0.17,0,-0.06,0.03,0.03,0,0,1,0,0,0,0,0,0,0,0,0,0,0,0,0,1,,0.08,0.17,0
2025-09-07T18:42:35.970000Z,2e702754-12da-4677-8056-3f6240b6755f,0.02,0.11,0.08,-0.01,0,-0.08,0.03,0.02,0,0,1,0,0,0,0,0,0,0,0,0,0,0,0,0,1,,0.08,-0.01,0
2025-09-07T18:42:35.994000Z,2e702754-12da-4677-8056-3f6240b6755f,0.02,0.11,-0.03,0.13,0,-0.03,-0.03,0.03,0,0,1,0,0,0,0,0,0,0,0,0,0,0,0,0,1,,-0.03,0.13,0
2025-09-07T18:42:36.015000Z,2e702754-12da-4677-8056-3f6240b6755f,0.02,0.11,-0.06,0.18,0,-0.05,-0.08,0,0,0,1,0,0,0,0,0,0,0,0,0,0,0,0,0,1,,-0.06,0.18,0
2025-09-07T18:42:36.043000Z,2e702754-12da-4677-8056-3f6240b6755f,0.01,0.11,-0.14,-0.08,0,-0.03,-0.11,-0.02,0,0,1,0,0,0,0,0,0,0,0,0,0,0,0,0,1,,-0.14,-0.08,0
2025-09-07T18:42:36.061000Z,2e702754-12da-4677-8056-3f6240b6755f,0.01,0.1,-0.06,0.21,0,0.05,-0.03,0.03,0,0,1,0,0,0,0,0,0,0,0,0,0,0,0,0,1,,-0.06,0.21,0
2025-09-07T18:42:36.100000Z,2e702754-12da-4677-8056-3f6240b6755f,0,0.1,0,0.01,0,-0.05,0.03,0.03,0,0,1,0,0,0,0,0,0,0,0,0,0,0,0,0,1,,0,0.01,0
2025-09-07T18:42:36.101000Z,2e702754-12da-4677-8056-3f6240b6755f,0,0.11,0.03,0.21,0,-0.02,-0.02,0.03,0,0,1,0,0,0,0,0,0,0,0,0,0,0,0,0,1,,0.03,0.21,0
2025-09-07T18:42:36.128000Z,2e702754-12da-4677-8056-3f6240b6755f,0.01,0.1,0.13,0.11,0,-0.05,0.06,0.02,0,0,1,0,0,0,0,0,0,0,0,0,0,0,0,0,1,,0.13,0.11,0
2025-09-07T18:42:36.147000Z,2e702754-12da-4677-8056-3f6240b6755f,0.01,0.1,0.06,-0.01,0,-0.08,0.02,0.05,0,0,1,0,0,0,0,0,0,0,0,0,0,0,0,0,1,,0.06,-0.01,0
2025-09-07T18:42:36.169000Z,2e702754-12da-4677-8056-3f6240b6755f,0.02,0.1,0.07,0.14,0,-0.08,0.02,0,0,0,1,0,0,0,0,0,0,0,0,0,0,0,0,0,1,,0.07,0.14,0
2025-09-07T18:42:36.201000Z,2e702754-12da-4677-8056-3f6240b6755f,0.03,0.1,0.11,0.06,0,-0.06,0,0,0,0,1,0,0,0,0,0,0,0,0,0,0,0,0,0,1,,0.11,0.06,0
2025-09-07T18:42:36.205000Z,2e702754-12da-4677-8056-3f6240b6755f,0.02,0.1,0,0.13,0,-0.05,0.03,0.03,0,0,1,0,0,0,0,0,0,0,0,0,0,0,0,0,1,,0,0.13,0
2025-09-07T18:42:36.226000Z,2e702754-12da-4677-8056-3f6240b6755f,0.03,0.11,0.03,0.18,0,0.03,-0.03,0.02,0,0,1,0,0,0,0,0,0,0,0,0,0,0,0,0,1,,0.03,0.18,0
2025-09-07T18:42:36.248000Z,2e702754-12da-4677-8056-3f6240b6755f,0.02,0.11,-0.1,0.13,0,0.02,-0.11,0,0,0,1,0,0,0,0,0,0,0,0,0,0,0,0,0,1,,-0.1,0.13,0
2025-09-07T18:42:36.271000Z,2e702754-12da-4677-8056-3f6240b6755f,0.02,0.11,-0.08,0.1,0,0.03,-0.05,0.02,0,0,1,0,0,0,0,0,0,0,0,0,0,0,0,0,1,,-0.08,0.1,0
2025-09-07T18:42:36.293000Z,2e702754-12da-4677-8056-3f6240b6755f,0.01,0.1,0.03,0.13,0,0.03,-0.03,0,0,0,1,0,0,0,0,0,0,0,0,0,0,0,0,0,1,,0.03,0.13,0
2025-09-07T18:42:36.315000Z,2e702754-12da-4677-8056-3f6240b6755f,0.01,0.1,-0.08,-0.01,0,0.02,-0.03,0,0,0,1,0,0,0,0,0,0,0,0,0,0,0,0,0,1,,-0.08,-0.01,0
2025-09-07T18:42:36.344000Z,2e702754-12da-4677-8056-3f6240b6755f,0.02,0.1,0.1,0.13,0,0,0.05,0,0,0,1,0,0,0,0,0,0,0,0,0,0,0,0,0,1,,0.1,0.13,0
2025-09-07T18:42:36.358000Z,2e702754-12da-4677-8056-3f6240b6755f,0.02,0.09,0.08,-0.04,0,-0.03,0,-0.02,0,0,1,0,0,0,0,0,0,0,0,0,0,0,0,0,1,,0.08,-0.04,0
2025-09-07T18:42:36.379000Z,2e702754-12da-4677-8056-3f6240b6755f,0.03,0.09,0.13,0.15,0,-0.03,0.03,0.06,0,0,1,0,0,0,0,0,0,0,0,0,0,0,0,0,1,,0.13,0.15,0
2025-09-07T18:42:36.405000Z,2e702754-12da-4677-8056-3f6240b6755f,0.03,0.09,0.17,0.04,0,-0.03,0.05,0,0,0,1,0,0,0,0,0,0,0,0,0,0,0,0,0,1,,0.17,0.04,0
2025-09-07T18:42:36.416000Z,2e702754-12da-4677-8056-3f6240b6755f,0.04,0.1,0.14,0.21,0,-0.02,-0.02,0.03,0,0,1,0,0,0,0,0,0,0,0,0,0,0,0,0,1,,0.14,0.21,0
2025-09-07T18:42:36.438000Z,2e702754-12da-4677-8056-3f6240b6755f,0.05,0.1,0.14,-0.01,0,-0.05,-0.02,-0.02,0,0,1,0,0,0,0,0,0,0,0,0,0,0,0,0,1,,0.14,-0.01,0
2025-09-07T18:42:36.459000Z,2e702754-12da-4677-8056-3f6240b6755f,0.05,0.1,0.01,0.13,0,0,-0.11,0.03,0,0,1,0,0,0,0,0,0,0,0,0,0,0,0,0,1,,0.01,0.13,0
2025-09-07T18:42:36.479000Z,2e702754-12da-4677-8056-3f6240b6755f,0.05,0.09,0.04,0.03,0,-0.05,-0.03,0,0,0,1,0,0,0,0,0,0,0,0,0,0,0,0,0,1,,0.04,0.03,0
2025-09-07T18:42:36.501000Z,2e702754-12da-4677-8056-3f6240b6755f,0.04,0.09,0.01,0.1,0,0,-0.12,0.03,0,0,1,0,0,0,0,0,0,0,0,0,0,0,0,0,1,,0.01,0.1,0
2025-09-07T18:42:36.524000Z,2e702754-12da-4677-8056-3f6240b6755f,0.04,0.09,-0.08,0.01,0,-0.03,-0.03,0,0,0,1,0,0,0,0,0,0,0,0,0,0,0,0,0,1,,-0.08,0.01,0
2025-09-07T18:42:36.555000Z,2e702754-12da-4677-8056-3f6240b6755f,0.03,0.09,-0.04,0.03,0,-0.02,-0.02,0.05,0,0,1,0,0,0,0,0,0,0,0,0,0,0,0,0,1,,-0.04,0.03,0
2025-09-07T18:42:36.571000Z,2e702754-12da-4677-8056-3f6240b6755f,0.02,0.09,-0.03,0.21,0,-0.02,0.02,0.02,0,0,1,0,0,0,0,0,0,0,0,0,0,0,0,0,1,,-0.03,0.21,0
2025-09-07T18:42:36.587000Z,2e702754-12da-4677-8056-3f6240b6755f,0.02,0.09,-0.04,0,0,-0.02,0.02,0.03,0,0,1,0,0,0,0,0,0,0,0,0,0,0,0,0,1,,-0.04,0,0
2025-09-07T18:42:36.611000Z,2e702754-12da-4677-8056-3f6240b6755f,0.02,0.1,0.08,0.22,0,0.02,0.02,0.03,0,0,1,0,0,0,0,0,0,0,0,0,0,0,0,0,1,,0.08,0.22,0
2025-09-07T18:42:36.638000Z,2e702754-12da-4677-8056-3f6240b6755f,0.03,0.09,0.1,0.04,0,-0.05,0,0.02,0,0,1,0,0,0,0,0,0,0,0,0,0,0,0,0,1,,0.1,0.04,0
2025-09-07T18:42:36.664000Z,2e702754-12da-4677-8056-3f6240b6755f,0.03,0.1,0.01,0.1,0,-0.03,-0.06,0.05,0,0,1,0,0,0,0,0,0,0,0,0,0,0,0,0,1,,0.01,0.1,0
2025-09-07T18:42:36.683000Z,2e702754-12da-4677-8056-3f6240b6755f,0.03,0.09,0.06,0.14,0,-0.05,-0.09,0,0,0,1,0,0,0,0,0,0,0,0,0,0,0,0,0,1,,0.06,0.14,0
2025-09-07T18:42:36.706000Z,2e702754-12da-4677-8056-3f6240b6755f,0.03,0.09,-0.04,-0.01,0,-0.02,-0.05,0,0,0,1,0,0,0,0,0,0,0,0,0,0,0,0,0,1,,-0.04,-0.01,0
2025-09-07T18:42:36.723000Z,2e702754-12da-4677-8056-3f6240b6755f,0.03,0.09,0.04,0.04,0,-0.03,-0.05,-0.03,0,0,1,0,0,0,0,0,0,0,0,0,0,0,0,0,1,,0.04,0.04,0
2025-09-07T18:42:36.748000Z,2e702754-12da-4677-8056-3f6240b6755f,0.03,0.08,0.03,0.04,0,0,-0.11,0.02,0,0,1,0,0,0,0,0,0,0,0,0,0,0,0,0,1,,0.03,0.04,0
2025-09-07T18:42:36.769000Z,2e702754-12da-4677-8056-3f6240b6755f,0.02,0.08,-0.03,0.03,0,-0.02,-0.05,0.02,0,0,1,0,0,0,0,0,0,0,0,0,0,0,0,0,1,,-0.03,0.03,0
2025-09-07T18:42:36.790000Z,2e702754-12da-4677-8056-3f6240b6755f,0.02,0.07,0.07,0.07,0,-0.03,-0.05,0.03,0,0,1,0,0,0,0,0,0,0,0,0,0,0,0,0,1,,0.07,0.07,0
2025-09-07T18:42:36.810000Z,2e702754-12da-4677-8056-3f6240b6755f,0.02,0.07,-0.07,0.1,0,-0.03,0,0.05,0,0,1,0,0,0,0,0,0,0,0,0,0,0,0,0,1,,-0.07,0.1,0
2025-09-07T18:42:36.826000Z,2e702754-12da-4677-8056-3f6240b6755f,0.01,0.07,-0.03,0.03,0,-0.09,-0.03,0.05,0,0,1,0,0,0,0,0,0,0,0,0,0,0,0,0,1,,-0.03,0.03,0
2025-09-07T18:42:36.849000Z,2e702754-12da-4677-8056-3f6240b6755f,0.02,0.08,0.17,0.13,0,0,0.03,0.02,0,0,1,0,0,0,0,0,0,0,0,0,0,0,0,0,1,,0.17,0.13,0
2025-09-07T18:42:36.873000Z,2e702754-12da-4677-8056-3f6240b6755f,0.02,0.07,-0.06,-0.01,0,-0.02,0.05,0.02,0,0,1,0,0,0,0,0,0,0,0,0,0,0,0,0,1,,-0.06,-0.01,0
2025-09-07T18:42:36.899000Z,2e702754-12da-4677-8056-3f6240b6755f,0.02,0.08,0.03,0.26,0,-0.02,-0.05,0.02,0,0,1,0,0,0,0,0,0,0,0,0,0,0,0,0,1,,0.03,0.26,0
2025-09-07T18:42:36.922000Z,2e702754-12da-4677-8056-3f6240b6755f,0.01,0.08,0.01,-0.01,0,-0.02,-0.08,0,0,0,1,0,0,0,0,0,0,0,0,0,0,0,0,0,1,,0.01,-0.01,0
2025-09-07T18:42:36.941000Z,2e702754-12da-4677-8056-3f6240b6755f,0.02,0.08,-0.01,0.07,0,-0.03,-0.08,0,0,0,1,0,0,0,0,0,0,0,0,0,0,0,0,0,1,,-0.01,0.07,0
2025-09-07T18:42:36.970000Z,2e702754-12da-4677-8056-3f6240b6755f,0.02,0.09,0.07,0.32,0,0,0,0.05,-0.01,0,1,0,0,0,0,0,0,0,0,0,0,0,0,0,1,,0.07,0.32,0
2025-09-07T18:42:37.000000Z,2e702754-12da-4677-8056-3f6240b6755f,0.01,0.09,-0.04,-0.07,0,-0.03,-0.05,0.02,0,0,1,0,0,0,0,0,0,0,0,0,0,0,0,0,1,,-0.04,-0.07,0
2025-09-07T18:42:37.016000Z,2e702754-12da-4677-8056-3f6240b6755f,0.01,0.09,-0.04,0.18,0,0,-0.03,0.02,0,0,1,0,0,0,0,0,0,0,0,0,0,0,0,0,1,,-0.04,0.18,0
2025-09-07T18:42:37.037000Z,2e702754-12da-4677-8056-3f6240b6755f,0.01,0.09,0.04,0.07,0,-0.05,0.02,0,0,0,1,0,0,0,0,0,0,0,0,0,0,0,0,0,1,,0.04,0.07,0
2025-09-07T18:42:37.051000Z,2e702754-12da-4677-8056-3f6240b6755f,0.01,0.1,-0.08,0.15,0,-0.02,-0.02,0.02,0,0,1,0,0,0,0,0,0,0,0,0,0,0,0,0,1,,-0.08,0.15,0
2025-09-07T18:42:37.090000Z,2e702754-12da-4677-8056-3f6240b6755f,0.01,0.1,0.1,0.14,0,-0.09,-0.03,0,0,0,1,0,0,0,0,0,0,0,0,0,0,0,0,0,1,,0.1,0.14,0
2025-09-07T18:42:37.116000Z,2e702754-12da-4677-8056-3f6240b6755f,0.01,0.1,0.04,0.07,0,0.02,-0.03,0.02,0,0,1,0,0,0,0,0,0,0,0,0,0,0,0,0,1,,0.04,0.07,0
2025-09-07T18:42:37.131000Z,2e702754-12da-4677-8056-3f6240b6755f,0.02,0.1,0.03,0.15,0,-0.05,-0.02,0.02,0,0,1,0,0,0,0,0,0,0,0,0,0,0,0,0,1,,0.03,0.15,0
2025-09-07T18:42:37.143000Z,2e702754-12da-4677-8056-3f6240b6755f,0.01,0.1,0.06,0.08,0,-0.02,-0.03,0.03,0,0,1,0,0,0,0,0,0,0,0,0,0,0,0,0,1,,0.06,0.08,0
2025-09-07T18:42:37.184000Z,2e702754-12da-4677-8056-3f6240b6755f,0.01,0.09,0.01,-0.03,0,-0.03,-0.08,-0.03,0,0,1,0,0,0,0,0,0,0,0,0,0,0,0,0,1,,0.01,-0.03,0
2025-09-07T18:42:37.185000Z,2e702754-12da-4677-8056-3f6240b6755f,0.02,0.09,0.08,0.04,0,-0.05,-0.05,0.02,0,0,1,0,0,0,0,0,0,0,0,0,0,0,0,0,1,,0.08,0.04,0
2025-09-07T18:42:37.204000Z,2e702754-12da-4677-8056-3f6240b6755f,0.02,0.08,0.06,-0.03,0,-0.05,-0.03,0,0,0,1,0,0,0,0,0,0,0,0,0,0,0,0,0,1,,0.06,-0.03,0
2025-09-07T18:42:37.230000Z,2e702754-12da-4677-8056-3f6240b6755f,0.02,0.09,-0.11,0.18,0,-0.03,-0.03,0,0,0,1,0,0,0,0,0,0,0,0,0,0,0,0,0,1,,-0.11,0.18,0
2025-09-07T18:42:37.250000Z,2e702754-12da-4677-8056-3f6240b6755f,0.01,0.08,-0.01,0.1,0,-0.05,0.03,-0.02,0,0,1,0,0,0,0,0,0,0,0,0,0,0,0,0,1,,-0.01,0.1,0
2025-09-07T18:42:37.269000Z,2e702754-12da-4677-8056-3f6240b6755f,0,0.08,-0.08,-0.03,0,-0.05,-0.02,0.02,0,0,1,0,0,0,0,0,0,0,0,0,0,0,0,0,1,,-0.08,-0.03,0
2025-09-07T18:42:37.290000Z,2e702754-12da-4677-8056-3f6240b6755f,0,0.08,-0.06,0.2,0,-0.02,0.03,0.03,0,0,1,0,0,0,0,0,0,0,0,0,0,0,0,0,1,,-0.06,0.2,0
2025-09-07T18:42:37.314000Z,2e702754-12da-4677-8056-3f6240b6755f,0.01,0.08,0.14,0.08,0,-0.06,-0.03,-0.02,0,0,1,0,0,0,0,0,0,0,0,0,0,0,0,0,1,,0.14,0.08,0
2025-09-07T18:42:37.340000Z,2e702754-12da-4677-8056-3f6240b6755f,0.01,0.08,0,0.06,0,-0.06,-0.03,0,0,0,1,0,0,0,0,0,0,0,0,0,0,0,0,0,1,,0,0.06,0
2025-09-07T18:42:37.357000Z,2e702754-12da-4677-8056-3f6240b6755f,0.01,0.08,0.11,0.11,0,-0.05,-0.02,0,0,0,1,0,0,0,0,0,0,0,0,0,0,0,0,0,1,,0.11,0.11,0
2025-09-07T18:42:37.381000Z,2e702754-12da-4677-8056-3f6240b6755f,0.02,0.09,0.14,0.07,0,-0.03,-0.06,-0.02,0,0,1,0,0,0,0,0,0,0,0,0,0,0,0,0,1,,0.14,0.07,0
2025-09-07T18:42:37.399000Z,2e702754-12da-4677-8056-3f6240b6755f,0.02,0.09,-0.03,0.14,0,-0.08,-0.03,0,0,0,1,0,0,0,0,0,0,0,0,0,0,0,0,0,1,,-0.03,0.14,0
2025-09-07T18:42:37.422000Z,2e702754-12da-4677-8056-3f6240b6755f,0.02,0.08,0.04,-0.04,0,-0.03,-0.06,0.05,0,0,1,0,0,0,0,0,0,0,0,0,0,0,0,0,1,,0.04,-0.04,0
2025-09-07T18:42:37.440000Z,2e702754-12da-4677-8056-3f6240b6755f,0.02,0.07,-0.07,0.04,0,0,-0.03,0.03,0,0,1,0,0,0,0,0,0,0,0,0,0,0,0,0,1,,-0.07,0.04,0
2025-09-07T18:42:37.463000Z,2e702754-12da-4677-8056-3f6240b6755f,0.01,0.07,-0.11,0,0,-0.05,0.03,0.02,0,0,1,0,0,0,0,0,0,0,0,0,0,0,0,0,1,,-0.11,0,0
2025-09-07T18:42:37.482000Z,2e702754-12da-4677-8056-3f6240b6755f,0.01,0.07,-0.04,0.13,0,0.02,0.03,0,0,0,1,0,0,0,0,0,0,0,0,0,0,0,0,0,1,,-0.04,0.13,0
2025-09-07T18:42:37.507000Z,2e702754-12da-4677-8056-3f6240b6755f,0,0.07,-0.13,0.01,0,-0.05,0,0.02,0,0,1,0,0,0,0,0,0,0,0,0,0,0,0,0,1,,-0.13,0.01,0
2025-09-07T18:42:37.524000Z,2e702754-12da-4677-8056-3f6240b6755f,0,0.07,-0.03,0.14,0,-0.05,-0.03,0,0,0,1,0,0,0,0,0,0,0,0,0,0,0,0,0,1,,-0.03,0.14,0
2025-09-07T18:42:37.545000Z,2e702754-12da-4677-8056-3f6240b6755f,-0.01,0.07,-0.13,0,0,-0.05,-0.03,0.02,0,0,1,0,0,0,0,0,0,0,0,0,0,0,0,0,1,,-0.13,0,0
2025-09-07T18:42:37.577000Z,2e702754-12da-4677-8056-3f6240b6755f,0,0.08,0.03,0.18,0,-0.02,-0.05,0.02,0,0,1,0,0,0,0,0,0,0,0,0,0,0,0,0,1,,0.03,0.18,0
2025-09-07T18:42:37.589000Z,2e702754-12da-4677-8056-3f6240b6755f,0,0.07,0.08,0.01,0,-0.06,-0.06,-0.02,0,0,1,0,0,0,0,0,0,0,0,0,0,0,0,0,1,,0.08,0.01,0
2025-09-07T18:42:37.613000Z,2e702754-12da-4677-8056-3f6240b6755f,0,0.07,0.04,0.1,0,0,-0.12,0.03,0,0,1,0,0,0,0,0,0,0,0,0,0,0,0,0,1,,0.04,0.1,0
2025-09-07T18:42:37.635000Z,2e702754-12da-4677-8056-3f6240b6755f,0.01,0.07,0.11,0.11,0,-0.08,-0.05,0.02,0,0,1,0,0,0,0,0,0,0,0,0,0,0,0,0,1,,0.11,0.11,0
2025-09-07T18:42:37.673000Z,2e702754-12da-4677-8056-3f6240b6755f,0.01,0.07,-0.08,0.07,0,-0.02,-0.05,0.02,0,0,1,0,0,0,0,0,0,0,0,0,0,0,0,0,1,,-0.08,0.07,0
2025-09-07T18:42:37.696000Z,2e702754-12da-4677-8056-3f6240b6755f,0.01,0.07,-0.07,0.07,0,0.02,0.03,-0.02,0,0,1,0,0,0,0,0,0,0,0,0,0,0,0,0,1,,-0.07,0.07,0
2025-09-07T18:42:37.710000Z,2e702754-12da-4677-8056-3f6240b6755f,0,0.07,-0.01,0.06,0,-0.02,0.03,0,0,0,1,0,0,0,0,0,0,0,0,0,0,0,0,0,1,,-0.01,0.06,0
2025-09-07T18:42:37.739000Z,2e702754-12da-4677-8056-3f6240b6755f,-0.01,0.07,-0.07,0.08,0,-0.03,0.06,-0.03,0,0,1,0,0,0,0,0,0,0,0,0,0,0,0,0,1,,-0.07,0.08,0
2025-09-07T18:42:37.744000Z,2e702754-12da-4677-8056-3f6240b6755f,-0.01,0.08,-0.06,0.13,0,0,-0.02,0.03,0,0,1,0,0,0,0,0,0,0,0,0,0,0,0,0,1,,-0.06,0.13,0
2025-09-07T18:42:37.764000Z,2e702754-12da-4677-8056-3f6240b6755f,0,0.08,0.1,0.22,0,0.02,-0.02,0,0,0,1,0,0,0,0,0,0,0,0,0,0,0,0,0,1,,0.1,0.22,0
2025-09-07T18:42:37.793000Z,2e702754-12da-4677-8056-3f6240b6755f,0,0.09,0.01,0.07,0,-0.03,0,-0.03,0,0,1,0,0,0,0,0,0,0,0,0,0,0,0,0,1,,0.01,0.07,0
2025-09-07T18:42:37.810000Z,2e702754-12da-4677-8056-3f6240b6755f,0.01,0.1,0.11,0.18,0,0.02,-0.02,0.06,0,0,1,0,0,0,0,0,0,0,0,0,0,0,0,0,1,,0.11,0.18,0
2025-09-07T18:42:37.832000Z,2e702754-12da-4677-8056-3f6240b6755f,0.01,0.09,0.07,0.08,0,-0.02,0.02,0.02,0,0,1,0,0,0,0,0,0,0,0,0,0,0,0,0,1,,0.07,0.08,0
2025-09-07T18:42:37.866000Z,2e702754-12da-4677-8056-3f6240b6755f,0.01,0.1,-0.06,0.1,0,0,-0.03,0.05,0,0,1,0,0,0,0,0,0,0,0,0,0,0,0,0,1,,-0.06,0.1,0
2025-09-07T18:42:37.880000Z,2e702754-12da-4677-8056-3f6240b6755f,0.01,0.09,0.07,0.1,0,-0.03,-0.02,-0.03,0,0,1,0,0,0,0,0,0,0,0,0,0,0,0,0,1,,0.07,0.1,0
2025-09-07T18:42:37.900000Z,2e702754-12da-4677-8056-3f6240b6755f,0.01,0.08,-0.07,-0.1,0,-0.03,-0.03,0.06,0,0,1,0,0,0,0,0,0,0,0,0,0,0,0,0,1,,-0.07,-0.1,0
2025-09-07T18:42:37.918000Z,2e702754-12da-4677-8056-3f6240b6755f,0.01,0.08,-0.01,0.1,0,-0.03,0,0.03,0,0,1,0,0,0,0,0,0,0,0,0,0,0,0,0,1,,-0.01,0.1,0
2025-09-07T18:42:37.949000Z,2e702754-12da-4677-8056-3f6240b6755f,0,0.08,0.03,-0.04,0,-0.08,0.05,-0.03,0,0,1,0,0,0,0,0,0,0,0,0,0,0,0,0,1,,0.03,-0.04,0
2025-09-07T18:42:37.961000Z,2e702754-12da-4677-8056-3f6240b6755f,0.01,0.08,0.07,0.21,0,-0.05,0.02,0.03,0,0,1,0,0,0,0,0,0,0,0,0,0,0,0,0,1,,0.07,0.21,0
2025-09-07T18:42:37.991000Z,2e702754-12da-4677-8056-3f6240b6755f,0.01,0.08,0.07,0.07,0,-0.05,0.06,-0.02,0,0,1,0,0,0,0,0,0,0,0,0,0,0,0,0,1,,0.07,0.07,0
2025-09-07T18:42:38.003000Z,2e702754-12da-4677-8056-3f6240b6755f,0.01,0.09,-0.01,0.13,0,-0.03,0,0.02,0,0,1,0,0,0,0,0,0,0,0,0,0,0,0,0,1,,-0.01,0.13,0
2025-09-07T18:42:38.044000Z,2e702754-12da-4677-8056-3f6240b6755f,0.01,0.09,0,0.13,0,-0.03,0,-0.03,0,0,1,0,0,0,0,0,0,0,0,0,0,0,0,0,1,,0,0.13,0
2025-09-07T18:42:38.067000Z,2e702754-12da-4677-8056-3f6240b6755f,0.01,0.09,0.14,0.14,0,0,-0.03,0.02,0,0,1,0,0,0,0,0,0,0,0,0,0,0,0,0,1,,0.14,0.14,0
2025-09-07T18:42:38.077000Z,2e702754-12da-4677-8056-3f6240b6755f,0.02,0.09,-0.04,-0.03,0,0,-0.08,0,0,0,1,0,0,0,0,0,0,0,0,0,0,0,0,0,1,,-0.04,-0.03,0
2025-09-07T18:42:38.095000Z,2e702754-12da-4677-8056-3f6240b6755f,0.02,0.09,-0.07,0.17,0,0.03,-0.05,0.03,0,0,1,0,0,0,0,0,0,0,0,0,0,0,0,0,1,,-0.07,0.17,0
2025-09-07T18:42:38.116000Z,2e702754-12da-4677-8056-3f6240b6755f,0.01,0.09,0.1,0.08,0,-0.03,0,0.02,0,0,1,0,0,0,0,0,0,0,0,0,0,0,0,0,1,,0.1,0.08,0
2025-09-07T18:42:38.140000Z,2e702754-12da-4677-8056-3f6240b6755f,0.01,0.09,-0.07,0.13,0,0,-0.02,0.03,0,0,1,0,0,0,0,0,0,0,0,0,0,0,0,0,1,,-0.07,0.13,0
2025-09-07T18:42:38.169000Z,2e702754-12da-4677-8056-3f6240b6755f,0.01,0.09,0.01,0.13,0,-0.03,0.03,-0.02,0,0,1,0,0,0,0,0,0,0,0,0,0,0,0,0,1,,0.01,0.13,0
2025-09-07T18:42:38.184000Z,2e702754-12da-4677-8056-3f6240b6755f,0,0.09,-0.06,-0.11,0,-0.03,0.03,-0.03,0,0,1,0,0,0,0,0,0,0,0,0,0,0,0,0,1,,-0.06,-0.11,0
2025-09-07T18:42:38.212000Z,2e702754-12da-4677-8056-3f6240b6755f,0,0.09,-0.06,0.21,0,-0.03,0.02,0.03,0,0,1.01,0,0,0,0,0,0,0,0,0,0,0,0,0,1,,-0.06,0.21,0
2025-09-07T18:42:38.232000Z,2e702754-12da-4677-8056-3f6240b6755f,0,0.09,0.11,0.07,0,-0.05,0.05,-0.02,0,0,1,0,0,0,0,0,0,0,0,0,0,0,0,0,1,,0.11,0.07,0
2025-09-07T18:42:38.254000Z,2e702754-12da-4677-8056-3f6240b6755f,0.01,0.09,0.03,0.07,0,0.02,-0.03,0.03,0,0,1,0,0,0,0,0,0,0,0,0,0,0,0,0,1,,0.03,0.07,0
2025-09-07T18:42:38.289000Z,2e702754-12da-4677-8056-3f6240b6755f,0.01,0.09,-0.01,0.14,0,-0.03,-0.03,-0.02,0,0,1,0,0,0,0,0,0,0,0,0,0,0,0,0,1,,-0.01,0.14,0
2025-09-07T18:42:38.298000Z,2e702754-12da-4677-8056-3f6240b6755f,0.01,0.09,0.03,0.04,0,0,-0.06,0.02,0,0,1,0,0,0,0,0,0,0,0,0,0,0,0,0,1,,0.03,0.04,0
2025-09-07T18:42:38.319000Z,2e702754-12da-4677-8056-3f6240b6755f,0.01,0.1,-0.06,0.17,0,-0.02,-0.03,0,0,0,1,0,0,0,0,0,0,0,0,0,0,0,0,0,1,,-0.06,0.17,0
2025-09-07T18:42:38.339000Z,2e702754-12da-4677-8056-3f6240b6755f,0,0.09,-0.06,-0.06,0,-0.03,-0.02,0.02,0,0,1,0,0,0,0,0,0,0,0,0,0,0,0,0,1,,-0.06,-0.06,0
2025-09-07T18:42:38.363000Z,2e702754-12da-4677-8056-3f6240b6755f,0,0.09,-0.01,0.04,0,0,-0.05,0.02,0,0,1,0,0,0,0,0,0,0,0,0,0,0,0,0,1,,-0.01,0.04,0
2025-09-07T18:42:38.390000Z,2e702754-12da-4677-8056-3f6240b6755f,-0.01,0.08,-0.07,-0.01,0,-0.06,-0.02,-0.02,0,0,1,0,0,0,0,0,0,0,0,0,0,0,0,0,1,,-0.07,-0.01,0
2025-09-07T18:42:38.424000Z,2e702754-12da-4677-8056-3f6240b6755f,0,0.08,0.06,0.1,0,-0.02,0.03,0.05,0,0,1,0,0,0,0,0,0,0,0,0,0,0,0,0,1,,0.06,0.1,0
2025-09-07T18:42:38.429000Z,2e702754-12da-4677-8056-3f6240b6755f,-0.01,0.07,0.03,0.03,0,0,-0.02,0,0,0,1,0,0,0,0,0,0,0,0,0,0,0,0,0,1,,0.03,0.03,0
2025-09-07T18:42:38.452000Z,2e702754-12da-4677-8056-3f6240b6755f,0,0.08,-0.08,0.07,0,-0.03,-0.02,0.02,0,0,1,0,0,0,0,0,0,0,0,0,0,0,0,0,1,,-0.08,0.07,0
2025-09-07T18:42:38.494000Z,2e702754-12da-4677-8056-3f6240b6755f,0,0.07,0.11,0.14,0,0,-0.05,-0.02,0,0,1,0,0,0,0,0,0,0,0,0,0,0,0,0,1,,0.11,0.14,0
2025-09-07T18:42:38.500000Z,2e702754-12da-4677-8056-3f6240b6755f,0,0.08,0.08,0.07,0,0,-0.03,0.02,0,0,1,0,0,0,0,0,0,0,0,0,0,0,0,0,1,,0.08,0.07,0
2025-09-07T18:42:38.523000Z,2e702754-12da-4677-8056-3f6240b6755f,0,0.08,-0.03,0.08,0,-0.02,-0.03,0,0,0,1,0,0,0,0,0,0,0,0,0,0,0,0,0,1,,-0.03,0.08,0
2025-09-07T18:42:38.544000Z,2e702754-12da-4677-8056-3f6240b6755f,0,0.07,0.01,-0.04,0,-0.06,-0.03,-0.02,0,0,1,0,0,0,0,0,0,0,0,0,0,0,0,0,1,,0.01,-0.04,0
2025-09-07T18:42:38.568000Z,2e702754-12da-4677-8056-3f6240b6755f,0,0.07,-0.11,0.1,0,-0.03,0.02,0.02,0,0,1,0,0,0,0,0,0,0,0,0,0,0,0,0,1,,-0.11,0.1,0
2025-09-07T18:42:38.592000Z,2e702754-12da-4677-8056-3f6240b6755f,0,0.06,0.06,0.04,0,-0.02,-0.02,0,0,0,1,0,0,0,0,0,0,0,0,0,0,0,0,0,1,,0.06,0.04,0
2025-09-07T18:42:38.612000Z,2e702754-12da-4677-8056-3f6240b6755f,0,0.07,0.1,0.03,0,0.02,0,0.03,0,0,1,0,0,0,0,0,0,0,0,0,0,0,0,0,1,,0.1,0.03,0
2025-09-07T18:42:38.635000Z,2e702754-12da-4677-8056-3f6240b6755f,0,0.06,0,0.07,0,0.02,0,-0.02,0,0,1,0,0,0,0,0,0,0,0,0,0,0,0,0,1,,0,0.07,0
2025-09-07T18:42:38.659000Z,2e702754-12da-4677-8056-3f6240b6755f,0.01,0.06,0.13,0.03,0,0,0.03,0.03,0,0,1,0,0,0,0,0,0,0,0,0,0,0,0,0,1,,0.13,0.03,0
2025-09-07T18:42:38.678000Z,2e702754-12da-4677-8056-3f6240b6755f,0.02,0.06,0.17,0.17,0,-0.03,0.02,0,0,0,1,0,0,0,0,0,0,0,0,0,0,0,0,0,1,,0.17,0.17,0
2025-09-07T18:42:38.720000Z,2e702754-12da-4677-8056-3f6240b6755f,0.03,0.07,0.03,0.01,0,-0.05,0,-0.05,0,0,1,0,0,0,0,0,0,0,0,0,0,0,0,0,1,,0.03,0.01,0
2025-09-07T18:42:38.730000Z,2e702754-12da-4677-8056-3f6240b6755f,0.04,0.08,0.08,0.24,0,-0.03,-0.05,0.06,0,0,1,0,0,0,0,0,0,0,0,0,0,0,0,0,1,,0.08,0.24,0
2025-09-07T18:42:38.749000Z,2e702754-12da-4677-8056-3f6240b6755f,0.03,0.08,0.03,0.1,0,-0.03,-0.02,0,0,0,1,0,0,0,0,0,0,0,0,0,0,0,0,0,1,,0.03,0.1,0
2025-09-07T18:42:38.765000Z,2e702754-12da-4677-8056-3f6240b6755f,0.03,0.08,-0.1,0.04,0,-0.02,-0.05,0.02,0,0,1,0,0,0,0,0,0,0,0,0,0,0,0,0,1,,-0.1,0.04,0
2025-09-07T18:42:38.795000Z,2e702754-12da-4677-8056-3f6240b6755f,0.02,0.07,0,0.06,0,-0.02,-0.02,-0.02,0,0,1,0,0,0,0,0,0,0,0,0,0,0,0,0,1,,0,0.06,0
2025-09-07T18:42:38.818000Z,2e702754-12da-4677-8056-3f6240b6755f,0.02,0.07,-0.08,-0.03,0,-0.02,-0.02,-0.02,0,0,1,0,0,0,0,0,0,0,0,0,0,0,0,0,1,,-0.08,-0.03,0
2025-09-07T18:42:38.841000Z,2e702754-12da-4677-8056-3f6240b6755f,0.01,0.07,-0.11,0.22,0,0,-0.03,0.02,0,0,1,0,0,0,0,0,0,0,0,0,0,0,0,0,1,,-0.11,0.22,0
2025-09-07T18:42:38.860000Z,2e702754-12da-4677-8056-3f6240b6755f,0.01,0.07,0.04,0.04,0,-0.05,0,-0.03,0,0,1,0,0,0,0,0,0,0,0,0,0,0,0,0,1,,0.04,0.04,0
2025-09-07T18:42:38.882000Z,2e702754-12da-4677-8056-3f6240b6755f,0.01,0.08,0.03,0.07,0,-0.03,-0.05,0.03,0,0,1,0,0,0,0,0,0,0,0,0,0,0,0,0,1,,0.03,0.07,0
2025-09-07T18:42:38.902000Z,2e702754-12da-4677-8056-3f6240b6755f,0.02,0.07,0.08,0.06,0,0,0,0.03,0,0,1,0,0,0,0,0,0,0,0,0,0,0,0,0,1,,0.08,0.06,0
2025-09-07T18:42:38.923000Z,2e702754-12da-4677-8056-3f6240b6755f,0.02,0.08,0.07,0.13,0,0.03,-0.06,0.03,0,0,1,0,0,0,0,0,0,0,0,0,0,0,0,0,1,,0.07,0.13,0
2025-09-07T18:42:38.945000Z,2e702754-12da-4677-8056-3f6240b6755f,0.02,0.08,-0.03,0.08,0,0.02,-0.06,0,0,0,1,0,0,0,0,0,0,0,0,0,0,0,0,0,1,,-0.03,0.08,0
2025-09-07T18:42:38.967000Z,2e702754-12da-4677-8056-3f6240b6755f,0.03,0.08,0.08,0.11,0,0,0,0.06,0,0,1,0,0,0,0,0,0,0,0,0,0,0,0,0,1,,0.08,0.11,0
2025-09-07T18:42:38.987000Z,2e702754-12da-4677-8056-3f6240b6755f,0.02,0.07,-0.07,0.01,0,-0.05,0,0,0,0,1,0,0,0,0,0,0,0,0,0,0,0,0,0,1,,-0.07,0.01,0
2025-09-07T18:42:39.013000Z,2e702754-12da-4677-8056-3f6240b6755f,0.02,0.08,-0.03,0.14,0,0.02,-0.02,0.05,0,0,1,0,0,0,0,0,0,0,0,0,0,0,0,0,1,,-0.03,0.14,0
2025-09-07T18:42:39.030000Z,2e702754-12da-4677-8056-3f6240b6755f,0.01,0.08,-0.01,0.15,0,-0.03,0.05,-0.05,0,0,1,0,0,0,0,0,0,0,0,0,0,0,0,0,1,,-0.01,0.15,0
2025-09-07T18:42:39.053000Z,2e702754-12da-4677-8056-3f6240b6755f,0,0.09,-0.07,0.15,0,-0.02,0.03,0.03,0,0,1,0,0,0,0,0,0,0,0,0,0,0,0,0,1,,-0.07,0.15,0
2025-09-07T18:42:39.073000Z,2e702754-12da-4677-8056-3f6240b6755f,0.01,0.09,0.17,0.25,0,-0.02,0.02,-0.02,0,0,1,0,0,0,0,0,0,0,0,0,0,0,0,0,1,,0.17,0.25,0
2025-09-07T18:42:39.097000Z,2e702754-12da-4677-8056-3f6240b6755f,0.01,0.09,0.07,-0.07,0,-0.08,0.05,-0.03,0,0,1,0,0,0,0,0,0,0,0,0,0,0,0,0,1,,0.07,-0.07,0
2025-09-07T18:42:39.121000Z,2e702754-12da-4677-8056-3f6240b6755f,0.01,0.09,0.01,0.14,0,-0.03,0,0.05,0,0,1,0,0,0,0,0,0,0,0,0,0,0,0,0,1,,0.01,0.14,0
2025-09-07T18:42:39.146000Z,2e702754-12da-4677-8056-3f6240b6755f,0.02,0.09,0.08,0.14,0,-0.03,-0.02,0.02,0,0,1,0,0,0,0,0,0,0,0,0,0,0,0,0,1,,0.08,0.14,0
2025-09-07T18:42:39.176000Z,2e702754-12da-4677-8056-3f6240b6755f,0.02,0.09,-0.01,0.06,0,-0.06,-0.08,0.02,0,0,1,0,0,0,0,0,0,0,0,0,0,0,0,0,1,,-0.01,0.06,0
2025-09-07T18:42:39.191000Z,2e702754-12da-4677-8056-3f6240b6755f,0.01,0.1,-0.03,0.15,0,-0.02,-0.06,0.03,0,0,1,0,0,0,0,0,0,0,0,0,0,0,0,0,1,,-0.03,0.15,0
2025-09-07T18:42:39.219000Z,2e702754-12da-4677-8056-3f6240b6755f,0.01,0.1,-0.08,0.13,0,-0.03,-0.05,0,0,0,1,0,0,0,0,0,0,0,0,0,0,0,0,0,1,,-0.08,0.13,0
2025-09-07T18:42:39.231000Z,2e702754-12da-4677-8056-3f6240b6755f,0,0.1,-0.17,0.11,0,-0.03,-0.11,-0.03,0,0,1,0,0,0,0,0,0,0,0,0,0,0,0,0,1,,-0.17,0.11,0
2025-09-07T18:42:39.254000Z,2e702754-12da-4677-8056-3f6240b6755f,-0.01,0.09,-0.08,0.07,0,-0.05,-0.02,-0.03,0,0,1,0,0,0,0,0,0,0,0,0,0,0,0,0,1,,-0.08,0.07,0
2025-09-07T18:42:39.278000Z,2e702754-12da-4677-8056-3f6240b6755f,-0.01,0.09,0.03,0.07,0,-0.03,-0.02,0.05,0,0,1,0,0,0,0,0,0,0,0,0,0,0,0,0,1,,0.03,0.07,0
2025-09-07T18:42:39.295000Z,2e702754-12da-4677-8056-3f6240b6755f,-0.01,0.09,-0.04,0.08,0,-0.06,-0.05,0.03,0,0,1,0,0,0,0,0,0,0,0,0,0,0,0,0,1,,-0.04,0.08,0
2025-09-07T18:42:39.318000Z,2e702754-12da-4677-8056-3f6240b6755f,0,0.09,0.13,0.08,0,-0.03,0.03,0.03,0,0,1,0,0,0,0,0,0,0,0,0,0,0,0,0,1,,0.13,0.08,0
2025-09-07T18:42:39.348000Z,2e702754-12da-4677-8056-3f6240b6755f,0,0.09,0.07,0.01,0,-0.05,0.02,0.05,0,0,1,0,0,0,0,0,0,0,0,0,0,0,0,0,1,,0.07,0.01,0
2025-09-07T18:42:39.366000Z,2e702754-12da-4677-8056-3f6240b6755f,0.01,0.09,0.1,0.17,0,-0.05,0.02,0.05,0,0,1,0,0,0,0,0,0,0,0,0,0,0,0,0,1,,0.1,0.17,0
2025-09-07T18:42:39.391000Z,2e702754-12da-4677-8056-3f6240b6755f,0.02,0.09,0.18,0.06,0,-0.02,0.02,0,0,0,1,0,0,0,0,0,0,0,0,0,0,0,0,0,1,,0.18,0.06,0
2025-09-07T18:42:39.407000Z,2e702754-12da-4677-8056-3f6240b6755f,0.02,0.09,0.01,0.14,0,0,-0.06,0.05,0,0,1,0,0,0,0,0,0,0,0,0,0,0,0,0,1,,0.01,0.14,0
2025-09-07T18:42:39.443000Z,2e702754-12da-4677-8056-3f6240b6755f,0.02,0.09,0.01,0.15,0,-0.05,-0.02,0.02,0,0,1,0,0,0,0,0,0,0,0,0,0,0,0,0,1,,0.01,0.15,0
2025-09-07T18:42:39.455000Z,2e702754-12da-4677-8056-3f6240b6755f,0.02,0.09,-0.13,0,0,-0.03,-0.06,0,0,0,1,0,0,0,0,0,0,0,0,0,0,0,0,0,1,,-0.13,0,0
2025-09-07T18:42:39.491000Z,2e702754-12da-4677-8056-3f6240b6755f,0.01,0.08,-0.04,0.13,0,0.02,0.02,0.02,0,0,1,0,0,0,0,0,0,0,0,0,0,0,0,0,1,,-0.04,0.13,0
2025-09-07T18:42:39.492000Z,2e702754-12da-4677-8056-3f6240b6755f,0.01,0.09,-0.04,0.1,0,0,-0.05,0.06,0,0,1,0,0,0,0,0,0,0,0,0,0,0,0,0,1,,-0.04,0.1,0
2025-09-07T18:42:39.517000Z,2e702754-12da-4677-8056-3f6240b6755f,0,0.09,-0.08,0.2,0,-0.05,-0.02,0,0,0,1,0,0,0,0,0,0,0,0,0,0,0,0,0,1,,-0.08,0.2,0
2025-09-07T18:42:39.539000Z,2e702754-12da-4677-8056-3f6240b6755f,0,0.09,0.04,0.01,0,-0.05,0.02,0.02,0,0,1,0,0,0,0,0,0,0,0,0,0,0,0,0,1,,0.04,0.01,0
2025-09-07T18:42:39.567000Z,2e702754-12da-4677-8056-3f6240b6755f,0,0.09,0.08,0.17,0,-0.06,-0.05,0.03,0,0,1,0,0,0,0,0,0,0,0,0,0,0,0,0,1,,0.08,0.17,0
2025-09-07T18:42:39.589000Z,2e702754-12da-4677-8056-3f6240b6755f,0,0.09,0.03,0.07,0,-0.06,-0.05,-0.02,0,0,1,0,0,0,0,0,0,0,0,0,0,0,0,0,1,,0.03,0.07,0
2025-09-07T18:42:39.613000Z,2e702754-12da-4677-8056-3f6240b6755f,0.01,0.09,0.14,0.2,0,0,0,0.03,0,0,1,0,0,0,0,0,0,0,0,0,0,0,0,0,1,,0.14,0.2,0
2025-09-07T18:42:39.643000Z,2e702754-12da-4677-8056-3f6240b6755f,0.01,0.09,0.07,0.07,0,0.02,-0.02,0.03,0,0,1,0,0,0,0,0,0,0,0,0,0,0,0,0,1,,0.07,0.07,0
2025-09-07T18:42:39.644000Z,2e702754-12da-4677-8056-3f6240b6755f,0.02,0.1,-0.01,0.17,0,0,-0.02,0.05,0,0,1,0,0,0,0,0,0,0,0,0,0,0,0,0,1,,-0.01,0.17,0
2025-09-07T18:42:39.662000Z,2e702754-12da-4677-8056-3f6240b6755f,0.01,0.09,-0.04,0.07,0,-0.03,-0.03,0.03,0,0,1,0,0,0,0,0,0,0,0,0,0,0,0,0,1,,-0.04,0.07,0
2025-09-07T18:42:39.686000Z,2e702754-12da-4677-8056-3f6240b6755f,0,0.09,-0.15,-0.03,0,-0.03,-0.03,0.03,0,0,1,0,0,0,0,0,0,0,0,0,0,0,0,0,1,,-0.15,-0.03,0
2025-09-07T18:42:39.709000Z,2e702754-12da-4677-8056-3f6240b6755f,0,0.08,0.07,0.11,0,-0.03,0,-0.03,0,0,1,0,0,0,0,0,0,0,0,0,0,0,0,0,1,,0.07,0.11,0
2025-09-07T18:42:39.729000Z,2e702754-12da-4677-8056-3f6240b6755f,0,0.08,-0.04,-0.01,0,-0.08,-0.02,-0.02,0,0,1,0,0,0,0,0,0,0,0,0,0,0,0,0,1,,-0.04,-0.01,0
2025-09-07T18:42:39.746000Z,2e702754-12da-4677-8056-3f6240b6755f,0,0.08,0.03,0.07,0,-0.05,-0.02,-0.03,0,0,1,0,0,0,0,0,0,0,0,0,0,0,0,0,1,,0.03,0.07,0
2025-09-07T18:42:39.767000Z,2e702754-12da-4677-8056-3f6240b6755f,0,0.08,0.1,0.07,0,-0.06,0,0.02,0,0,1,0,0,0,0,0,0,0,0,0,0,0,0,0,1,,0.1,0.07,0
2025-09-07T18:42:39.791000Z,2e702754-12da-4677-8056-3f6240b6755f,0.01,0.08,0.14,0.11,0,-0.02,0.02,0.02,0,0,1,0,0,0,0,0,0,0,0,0,0,0,0,0,1,,0.14,0.11,0
2025-09-07T18:42:39.815000Z,2e702754-12da-4677-8056-3f6240b6755f,0.02,0.08,0.1,0.03,0,-0.02,0,-0.03,0,0,1,0,0,0,0,0,0,0,0,0,0,0,0,0,1,,0.1,0.03,0
2025-09-07T18:42:39.836000Z,2e702754-12da-4677-8056-3f6240b6755f,0.02,0.07,0.07,0.07,0,0.05,-0.08,0.06,0,0,1,0,0,0,0,0,0,0,0,0,0,0,0,0,1,,0.07,0.07,0
2025-09-07T18:42:39.862000Z,2e702754-12da-4677-8056-3f6240b6755f,0.03,0.07,-0.01,0.06,0,0,-0.06,0.02,0,0,1,0,0,0,0,0,0,0,0,0,0,0,0,0,1,,-0.01,0.06,0
2025-09-07T18:42:39.881000Z,2e702754-12da-4677-8056-3f6240b6755f,0.03,0.07,0.06,0.21,0,0,-0.09,0.02,0,0,1,0,0,0,0,0,0,0,0,0,0,0,0,0,1,,0.06,0.21,0
2025-09-07T18:42:39.909000Z,2e702754-12da-4677-8056-3f6240b6755f,0.03,0.07,0.03,0.01,0,-0.03,-0.02,0.02,0,0,1,0,0,0,0,0,0,0,0,0,0,0,0,0,1,,0.03,0.01,0
2025-09-07T18:42:39.941000Z,2e702754-12da-4677-8056-3f6240b6755f,0.02,0.07,-0.04,0.03,0,-0.02,-0.02,0.05,0,0,1,0,0,0,0,0,0,0,0,0,0,0,0,0,1,,-0.04,0.03,0
2025-09-07T18:42:39.949000Z,2e702754-12da-4677-8056-3f6240b6755f,0.02,0.06,0.11,0.15,0,-0.03,0.03,0.02,0,0,1,0,0,0,0,0,0,0,0,0,0,0,0,0,1,,0.11,0.15,0
2025-09-07T18:42:39.972000Z,2e702754-12da-4677-8056-3f6240b6755f,0.02,0.07,-0.04,0.01,0,-0.05,-0.03,0.03,0,0,1,0,0,0,0,0,0,0,0,0,0,0,0,0,1,,-0.04,0.01,0
2025-09-07T18:42:39.991000Z,2e702754-12da-4677-8056-3f6240b6755f,0.03,0.07,0.15,0.24,0,-0.02,0.02,0.02,0,0,1,0,0,0,0,0,0,0,0,0,0,0,0,0,1,,0.15,0.24,0
2025-09-07T18:42:40.027000Z,2e702754-12da-4677-8056-3f6240b6755f,0.03,0.07,0.01,-0.04,0,-0.05,-0.02,0.02,0,0,1,0,0,0,0,0,0,0,0,0,0,0,0,0,1,,0.01,-0.04,0
2025-09-07T18:42:40.029000Z,2e702754-12da-4677-8056-3f6240b6755f,0.03,0.08,0.1,0.27,0,-0.02,-0.02,0.02,0,0,1,0,0,0,0,0,0,0,0,0,0,0,0,0,1,,0.1,0.27,0
2025-09-07T18:42:40.049000Z,2e702754-12da-4677-8056-3f6240b6755f,0.03,0.08,-0.06,0.03,0,-0.02,0.02,0.02,0,0,1,0,0,0,0,0,0,0,0,0,0,0,0,0,1,,-0.06,0.03,0
2025-09-07T18:42:40.071000Z,2e702754-12da-4677-8056-3f6240b6755f,0.03,0.08,-0.03,0.13,0,0.02,-0.05,0.06,0,0,1,0,0,0,0,0,0,0,0,0,0,0,0,0,1,,-0.03,0.13,0
2025-09-07T18:42:40.092000Z,2e702754-12da-4677-8056-3f6240b6755f,0.03,0.08,-0.01,0,0,-0.03,-0.02,0.02,0,0,1,0,0,0,0,0,0,0,0,0,0,0,0,0,1,,-0.01,0,0
2025-09-07T18:42:40.116000Z,2e702754-12da-4677-8056-3f6240b6755f,0.02,0.08,0,0.04,0,-0.02,-0.05,0.03,0,0,1,0,0,0,0,0,0,0,0,0,0,0,0,0,1,,0,0.04,0
2025-09-07T18:42:40.146000Z,2e702754-12da-4677-8056-3f6240b6755f,0.02,0.08,-0.03,0.08,0,-0.03,0,-0.02,0,0,1,0,0,0,0,0,0,0,0,0,0,0,0,0,1,,-0.03,0.08,0
2025-09-07T18:42:40.165000Z,2e702754-12da-4677-8056-3f6240b6755f,0.02,0.08,0.06,0.06,0,-0.02,0,0.02,0,0,1,0,0,0,0,0,0,0,0,0,0,0,0,0,1,,0.06,0.06,0
2025-09-07T18:42:40.189000Z,2e702754-12da-4677-8056-3f6240b6755f,0.02,0.07,-0.03,0,0,-0.03,0,0,0,0,1,0,0,0,0,0,0,0,0,0,0,0,0,0,1,,-0.03,0,0
2025-09-07T18:42:40.215000Z,2e702754-12da-4677-8056-3f6240b6755f,0.02,0.07,0,0.04,0,-0.05,0.03,0,0,0,1,0,0,0,0,0,0,0,0,0,0,0,0,0,1,,0,0.04,0
2025-09-07T18:42:40.238000Z,2e702754-12da-4677-8056-3f6240b6755f,0.02,0.07,0.13,0.06,0,-0.02,0.02,-0.02,0,0,1,0,0,0,0,0,0,0,0,0,0,0,0,0,1,,0.13,0.06,0
2025-09-07T18:42:40.249000Z,2e702754-12da-4677-8056-3f6240b6755f,0.02,0.07,0.01,0.03,0,-0.05,-0.06,0,0,0,1,0,0,0,0,0,0,0,0,0,0,0,0,0,1,,0.01,0.03,0
2025-09-07T18:42:40.271000Z,2e702754-12da-4677-8056-3f6240b6755f,0.03,0.07,0.08,0.22,0,0.05,-0.02,0,0,0,1,0,0,0,0,0,0,0,0,0,0,0,0,0,1,,0.08,0.22,0
2025-09-07T18:42:40.290000Z,2e702754-12da-4677-8056-3f6240b6755f,0.03,0.07,-0.03,0.01,0,0,-0.03,0,0,0,1,0,0,0,0,0,0,0,0,0,0,0,0,0,1,,-0.03,0.01,0
2025-09-07T18:42:40.321000Z,2e702754-12da-4677-8056-3f6240b6755f,0.03,0.08,-0.03,0.18,0,0.02,-0.05,0.03,0,0,1,0,0,0,0,0,0,0,0,0,0,0,0,0,1,,-0.03,0.18,0
2025-09-07T18:42:40.334000Z,2e702754-12da-4677-8056-3f6240b6755f,0.03,0.07,0.1,0.03,0,-0.06,-0.05,0.02,0,0,1,0,0,0,0,0,0,0,0,0,0,0,0,0,1,,0.1,0.03,0
2025-09-07T18:42:40.360000Z,2e702754-12da-4677-8056-3f6240b6755f,0.02,0.08,-0.08,0.17,0,-0.02,-0.05,0.08,0,0,1,0,0,0,0,0,0,0,0,0,0,0,0,0,1,,-0.08,0.17,0
2025-09-07T18:42:40.387000Z,2e702754-12da-4677-8056-3f6240b6755f,0.02,0.07,-0.04,0.04,0,-0.05,0.02,0,0,0,1,0,0,0,0,0,0,0,0,0,0,0,0,0,1,,-0.04,0.04,0
2025-09-07T18:42:40.401000Z,2e702754-12da-4677-8056-3f6240b6755f,0.01,0.07,-0.03,-0.06,0,-0.03,-0.05,0.05,0,0,1,0,0,0,0,0,0,0,0,0,0,0,0,0,1,,-0.03,-0.06,0
2025-09-07T18:42:40.423000Z,2e702754-12da-4677-8056-3f6240b6755f,0.01,0.07,-0.01,0.14,0,-0.06,0.05,0.02,0,0,1,0,0,0,0,0,0,0,0,0,0,0,0,0,1,,-0.01,0.14,0
2025-09-07T18:42:40.444000Z,2e702754-12da-4677-8056-3f6240b6755f,0.01,0.07,0.08,-0.03,0,-0.02,0.03,-0.03,0,0,1,0,0,0,0,0,0,0,0,0,0,0,0,0,1,,0.08,-0.03,0
2025-09-07T18:42:40.487000Z,2e702754-12da-4677-8056-3f6240b6755f,0.01,0.07,0.06,0.18,0,-0.06,0,0.03,0,0,1,0,0,0,0,0,0,0,0,0,0,0,0,0,1,,0.06,0.18,0
2025-09-07T18:42:40.496000Z,2e702754-12da-4677-8056-3f6240b6755f,0.01,0.07,0.01,0.01,0,-0.03,0,0.05,0,0,1,0,0,0,0,0,0,0,0,0,0,0,0,0,1,,0.01,0.01,0
2025-09-07T18:42:40.514000Z,2e702754-12da-4677-8056-3f6240b6755f,0.01,0.08,0.1,0.18,0,-0.02,-0.09,0.03,0,0,1,0,0,0,0,0,0,0,0,0,0,0,0,0,1,,0.1,0.18,0
2025-09-07T18:42:40.530000Z,2e702754-12da-4677-8056-3f6240b6755f,0.01,0.07,-0.04,0.01,0,-0.03,-0.03,0,0,0,1,0,0,0,0,0,0,0,0,0,0,0,0,0,1,,-0.04,0.01,0
2025-09-07T18:42:40.553000Z,2e702754-12da-4677-8056-3f6240b6755f,0.01,0.07,0,0.08,0,0.02,-0.02,0,0,0,1,0,0,0,0,0,0,0,0,0,0,0,0,0,1,,0,0.08,0
2025-09-07T18:42:40.575000Z,2e702754-12da-4677-8056-3f6240b6755f,0,0.06,-0.08,-0.04,0,0,-0.02,0,0,0,1,0,0,0,0,0,0,0,0,0,0,0,0,0,1,,-0.08,-0.04,0
2025-09-07T18:42:40.612000Z,2e702754-12da-4677-8056-3f6240b6755f,0,0.06,0,0,0,-0.02,-0.05,-0.03,0,0,1,0,0,0,0,0,0,0,0,0,0,0,0,0,1,,0,0,0
2025-09-07T18:42:40.620000Z,2e702754-12da-4677-8056-3f6240b6755f,0.01,0.06,0.07,0.1,0,-0.05,0.02,-0.02,0,0,1,0,0,0,0,0,0,0,0,0,0,0,0,0,1,,0.07,0.1,0
2025-09-07T18:42:40.643000Z,2e702754-12da-4677-8056-3f6240b6755f,0.01,0.06,0.01,0.11,0,-0.06,0,0.02,0,0,1,0,0,0,0,0,0,0,0,0,0,0,0,0,1,,0.01,0.11,0
2025-09-07T18:42:40.669000Z,2e702754-12da-4677-8056-3f6240b6755f,0.01,0.07,0.1,0.17,0,-0.08,0.05,0.02,0,0,1,0,0,0,0,0,0,0,0,0,0,0,0,0,1,,0.1,0.17,0
2025-09-07T18:42:40.697000Z,2e702754-12da-4677-8056-3f6240b6755f,0.01,0.07,0.03,0.03,0,-0.05,0,0.03,0,0,1,0,0,0,0,0,0,0,0,0,0,0,0,0,1,,0.03,0.03,0
2025-09-07T18:42:40.707000Z,2e702754-12da-4677-8056-3f6240b6755f,0.02,0.07,0.04,0.1,0,-0.03,-0.02,-0.02,0,0,1,0,0,0,0,0,0,0,0,0,0,0,0,0,1,,0.04,0.1,0
2025-09-07T18:42:40.722000Z,2e702754-12da-4677-8056-3f6240b6755f,0.02,0.07,0.1,0.06,0,0.02,-0.06,0.03,0,0,1,0,0,0,0,0,0,0,0,0,0,0,0,0,1,,0.1,0.06,0
2025-09-07T18:42:40.740000Z,2e702754-12da-4677-8056-3f6240b6755f,0.02,0.07,0.04,0.1,0,0.03,-0.02,0.02,0,0,1,0,0,0,0,0,0,0,0,0,0,0,0,0,1,,0.04,0.1,0
2025-09-07T18:42:40.758000Z,2e702754-12da-4677-8056-3f6240b6755f,0.02,0.07,0.01,0.06,0,0.02,-0.05,0.03,0,0,1,0,0,0,0,0,0,0,0,0,0,0,0,0,1,,0.01,0.06,0
2025-09-07T18:42:40.781000Z,2e702754-12da-4677-8056-3f6240b6755f,0.02,0.07,-0.14,-0.01,0,0.03,0,0,0,0,1,0,0,0,0,0,0,0,0,0,0,0,0,0,1,,-0.14,-0.01,0
2025-09-07T18:42:40.809000Z,2e702754-12da-4677-8056-3f6240b6755f,0.02,0.07,-0.03,-0.04,0,0.05,-0.02,0.03,0,0,1,0,0,0,0,0,0,0,0,0,0,0,0,0,1,,-0.03,-0.04,0
2025-09-07T18:42:40.833000Z,2e702754-12da-4677-8056-3f6240b6755f,0.02,0.07,0.07,0.15,0,-0.03,0,-0.03,0,0,1,0,0,0,0,0,0,0,0,0,0,0,0,0,1,,0.07,0.15,0
2025-09-07T18:42:40.857000Z,2e702754-12da-4677-8056-3f6240b6755f,0.01,0.07,-0.06,-0.01,0,-0.05,-0.02,0.02,0,0,1,0,0,0,0,0,0,0,0,0,0,0,0,0,1,,-0.06,-0.01,0
2025-09-07T18:42:40.880000Z,2e702754-12da-4677-8056-3f6240b6755f,0.02,0.08,0,0.18,0,0.02,0,0.02,0,0,1,0,0,0,0,0,0,0,0,0,0,0,0,0,1,,0,0.18,0
2025-09-07T18:42:40.910000Z,2e702754-12da-4677-8056-3f6240b6755f,0.02,0.07,0.1,0.07,0,-0.05,0,-0.02,0,0,1,0,0,0,0,0,0,0,0,0,0,0,0,0,1,,0.1,0.07,0
2025-09-07T18:42:40.921000Z,2e702754-12da-4677-8056-3f6240b6755f,0.02,0.08,0.01,0.1,0,-0.03,-0.09,0.03,0,0,1,0,0,0,0,0,0,0,0,0,0,0,0,0,1,,0.01,0.1,0
2025-09-07T18:42:40.944000Z,2e702754-12da-4677-8056-3f6240b6755f,0.02,0.08,0.08,0.22,0,0.03,-0.06,0.03,0,0,1,0,0,0,0,0,0,0,0,0,0,0,0,0,1,,0.08,0.22,0
2025-09-07T18:42:40.958000Z,2e702754-12da-4677-8056-3f6240b6755f,0.03,0.08,0,-0.03,0,0.02,-0.08,0.03,0,0,1,0,0,0,0,0,0,0,0,0,0,0,0,0,1,,0,-0.03,0
2025-09-07T18:42:40.985000Z,2e702754-12da-4677-8056-3f6240b6755f,0.03,0.08,0.06,0.25,0,0.05,-0.08,0.02,0,0,1,0,0,0,0,0,0,0,0,0,0,0,0,0,1,,0.06,0.25,0
2025-09-07T18:42:41.014000Z,2e702754-12da-4677-8056-3f6240b6755f,0.03,0.08,0.07,-0.04,0,-0.03,-0.02,0,0,0,1,0,0,0,0,0,0,0,0,0,0,0,0,0,1,,0.07,-0.04,0
2025-09-07T18:42:41.033000Z,2e702754-12da-4677-8056-3f6240b6755f,0.03,0.08,-0.01,0.07,0,-0.02,-0.03,0.02,0,0,1,0,0,0,0,0,0,0,0,0,0,0,0,0,1,,-0.01,0.07,0
2025-09-07T18:42:41.051000Z,2e702754-12da-4677-8056-3f6240b6755f,0.03,0.08,-0.06,0.07,0,-0.12,0,0.02,0,0,1,0,0,0,0,0,0,0,0,0,0,0,0,0,1,,-0.06,0.07,0
2025-09-07T18:42:41.074000Z,2e702754-12da-4677-8056-3f6240b6755f,0.02,0.07,0.06,0.08,0,-0.05,0.06,0.02,0,0,1,0,0,0,0,0,0,0,0,0,0,0,0,0,1,,0.06,0.08,0
2025-09-07T18:42:41.096000Z,2e702754-12da-4677-8056-3f6240b6755f,0.02,0.08,-0.03,0.08,0,0.02,0.06,0.03,0,0,1,0,0,0,0,0,0,0,0,0,0,0,0,0,1,,-0.03,0.08,0
2025-09-07T18:42:41.119000Z,2e702754-12da-4677-8056-3f6240b6755f,0.02,0.08,0.08,0.14,0,-0.03,0,-0.03,0,0,1,0,0,0,0,0,0,0,0,0,0,0,0,0,1,,0.08,0.14,0
2025-09-07T18:42:41.140000Z,2e702754-12da-4677-8056-3f6240b6755f,0.02,0.08,0.1,0.11,0,-0.02,-0.02,-0.03,0,0,1,0,0,0,0,0,0,0,0,0,0,0,0,0,1,,0.1,0.11,0
2025-09-07T18:42:41.162000Z,2e702754-12da-4677-8056-3f6240b6755f,0.02,0.08,-0.06,-0.01,0,-0.02,-0.05,0.05,0,0,1,0,0,0,0,0,0,0,0,0,0,0,0,0,1,,-0.06,-0.01,0
2025-09-07T18:42:41.181000Z,2e702754-12da-4677-8056-3f6240b6755f,0.03,0.08,0.08,0.2,0,0.02,-0.06,0.02,0,0,1,0,0,0,0,0,0,0,0,0,0,0,0,0,1,,0.08,0.2,0
2025-09-07T18:42:41.203000Z,2e702754-12da-4677-8056-3f6240b6755f,0.02,0.08,0.01,-0.03,0,-0.06,-0.09,0.03,0,0,1,0,0,0,0,0,0,0,0,0,0,0,0,0,1,,0.01,-0.03,0
2025-09-07T18:42:41.230000Z,2e702754-12da-4677-8056-3f6240b6755f,0.03,0.08,0.04,0.13,0,0.02,-0.09,0.05,0,0,1,0,0,0,0,0,0,0,0,0,0,0,0,0,1,,0.04,0.13,0
2025-09-07T18:42:41.247000Z,2e702754-12da-4677-8056-3f6240b6755f,0.02,0.07,0.07,-0.08,0,-0.02,-0.02,0,0,0,1,0,0,0,0,0,0,0,0,0,0,0,0,0,1,,0.07,-0.08,0
2025-09-07T18:42:41.266000Z,2e702754-12da-4677-8056-3f6240b6755f,0.02,0.07,-0.1,0.08,0,-0.03,-0.02,0,0,0,1,0,0,0,0,0,0,0,0,0,0,0,0,0,1,,-0.1,0.08,0
2025-09-07T18:42:41.290000Z,2e702754-12da-4677-8056-3f6240b6755f,0.02,0.07,0.13,0.13,0,-0.06,0.08,-0.02,0,0,1,0,0,0,0,0,0,0,0,0,0,0,0,0,1,,0.13,0.13,0
2025-09-07T18:42:41.317000Z,2e702754-12da-4677-8056-3f6240b6755f,0.02,0.07,0.03,0.01,0,-0.05,0.05,0,0,0,1,0,0,0,0,0,0,0,0,0,0,0,0,0,1,,0.03,0.01,0
2025-09-07T18:42:41.337000Z,2e702754-12da-4677-8056-3f6240b6755f,0.02,0.08,-0.03,0.26,0,-0.03,0.06,0,0,0,1,0,0,0,0,0,0,0,0,0,0,0,0,0,1,,-0.03,0.26,0
2025-09-07T18:42:41.360000Z,2e702754-12da-4677-8056-3f6240b6755f,0.02,0.08,0.06,0.11,0,-0.05,0.03,0.02,0,0,1,0,0,0,0,0,0,0,0,0,0,0,0,0,1,,0.06,0.11,0
2025-09-07T18:42:41.381000Z,2e702754-12da-4677-8056-3f6240b6755f,0.01,0.09,-0.01,0.21,0,-0.02,-0.06,0.05,0,0,1,0,0,0,0,0,0,0,0,0,0,0,0,0,1,,-0.01,0.21,0
2025-09-07T18:42:41.408000Z,2e702754-12da-4677-8056-3f6240b6755f,0.02,0.09,0.03,0.1,0,-0.02,-0.11,0.03,0,0,1,0,0,0,0,0,0,0,0,0,0,0,0,0,1,,0.03,0.1,0
2025-09-07T18:42:41.428000Z,2e702754-12da-4677-8056-3f6240b6755f,0.02,0.08,0.13,0.1,0,-0.06,-0.17,0.02,0,0,1,0,0,0,0,0,0,0,0,0,0,0,0,0,1,,0.13,0.1,0
2025-09-07T18:42:41.449000Z,2e702754-12da-4677-8056-3f6240b6755f,0.02,0.08,-0.01,0.08,0,-0.06,-0.14,0.03,0,0,1,0,0,0,0,0,0,0,0,0,0,0,0,0,1,,-0.01,0.08,0
2025-09-07T18:42:41.470000Z,2e702754-12da-4677-8056-3f6240b6755f,0.03,0.08,0.04,-0.01,0,0,0.02,0,0,0,1,0,0,0,0,0,0,0,0,0,0,0,0,0,1,,0.04,-0.01,0
2025-09-07T18:42:41.494000Z,2e702754-12da-4677-8056-3f6240b6755f,0.03,0.07,0.14,0.01,0,0,0.05,0.02,0,0,1,0,0,0,0,0,0,0,0,0,0,0,0,0,1,,0.14,0.01,0
2025-09-07T18:42:41.513000Z,2e702754-12da-4677-8056-3f6240b6755f,0.03,0.06,0,-0.07,0,-0.02,0.05,0,0,0,1,0,0,0,0,0,0,0,0,0,0,0,0,0,1,,0,-0.07,0
2025-09-07T18:42:41.537000Z,2e702754-12da-4677-8056-3f6240b6755f,0.03,0.06,0.07,0.07,0,-0.05,0.05,-0.02,0,0,1,0,0,0,0,0,0,0,0,0,0,0,0,0,1,,0.07,0.07,0
2025-09-07T18:42:41.562000Z,2e702754-12da-4677-8056-3f6240b6755f,0.03,0.06,-0.01,0.11,0,-0.03,0.02,-0.02,0,0,1,0,0,0,0,0,0,0,0,0,0,0,0,0,1,,-0.01,0.11,0
2025-09-07T18:42:41.577000Z,2e702754-12da-4677-8056-3f6240b6755f,0.03,0.06,0.01,0.17,0,-0.03,0.05,0.03,0,0,1,0,0,0,0,0,0,0,0,0,0,0,0,0,1,,0.01,0.17,0
2025-09-07T18:42:41.603000Z,2e702754-12da-4677-8056-3f6240b6755f,0.03,0.07,0.03,0.07,0,-0.06,-0.06,0,0,0,1,0,0,0,0,0,0,0,0,0,0,0,0,0,1,,0.03,0.07,0
2025-09-07T18:42:41.628000Z,2e702754-12da-4677-8056-3f6240b6755f,0.02,0.08,-0.03,0.15,0,0,-0.08,0.06,0,0,1,0,0,0,0,0,0,0,0,0,0,0,0,0,1,,-0.03,0.15,0
2025-09-07T18:42:41.647000Z,2e702754-12da-4677-8056-3f6240b6755f,0.02,0.08,0,0.13,0,-0.03,-0.09,0.02,0,0,1,0,0,0,0,0,0,0,0,0,0,0,0,0,1,,0,0.13,0
2025-09-07T18:42:41.671000Z,2e702754-12da-4677-8056-3f6240b6755f,0.02,0.08,0.08,0.07,0,-0.02,-0.12,0.08,0,0,1,0,0,0,0,0,0,0,0,0,0,0,0,0,1,,0.08,0.07,0
2025-09-07T18:42:41.692000Z,2e702754-12da-4677-8056-3f6240b6755f,0.02,0.07,-0.03,0.06,0,-0.03,0,0.06,0,0,1,0,0,0,0,0,0,0,0,0,0,0,0,0,1,,-0.03,0.06,0
2025-09-07T18:42:41.710000Z,2e702754-12da-4677-8056-3f6240b6755f,0.03,0.07,0.08,0.07,0,-0.02,0,0.08,0,0,1,0,0,0,0,0,0,0,0,0,0,0,0,0,1,,0.08,0.07,0
2025-09-07T18:42:41.732000Z,2e702754-12da-4677-8056-3f6240b6755f,0.02,0.07,-0.04,-0.01,0,-0.03,0.12,0.02,0,0,1,0,0,0,0,0,0,0,0,0,0,0,0,0,1,,-0.04,-0.01,0
2025-09-07T18:42:41.752000Z,2e702754-12da-4677-8056-3f6240b6755f,0.02,0.07,-0.03,0.03,0,-0.05,0.08,0.03,0,0,1,0,0,0,0,0,0,0,0,0,0,0,0,0,1,,-0.03,0.03,0
2025-09-07T18:42:41.779000Z,2e702754-12da-4677-8056-3f6240b6755f,0.02,0.07,0.1,0.14,0,-0.03,0.06,0,0,0,1,0,0,0,0,0,0,0,0,0,0,0,0,0,1,,0.1,0.14,0
2025-09-07T18:42:41.804000Z,2e702754-12da-4677-8056-3f6240b6755f,0.02,0.07,-0.01,0,0,0,0.06,0,0,0,1,0,0,0,0,0,0,0,0,0,0,0,0,0,1,,-0.01,0,0
2025-09-07T18:42:41.836000Z,2e702754-12da-4677-8056-3f6240b6755f,0.03,0.09,0.17,0.32,0,0.03,0,0.09,0,0,1,0,0,0,0,0,0,0,0,0,0,0,0,0,1,,0.17,0.32,0
2025-09-07T18:42:41.853000Z,2e702754-12da-4677-8056-3f6240b6755f,0.03,0.09,0.06,0.07,0,-0.02,-0.05,-0.03,0,0,1,0,0,0,0,0,0,0,0,0,0,0,0,0,1,,0.06,0.07,0
2025-09-07T18:42:41.874000Z,2e702754-12da-4677-8056-3f6240b6755f,0.04,0.09,-0.04,0.1,0,0.03,-0.14,0.05,0,0,1,0,0,0,0,0,0,0,0,0,0,0,0,0,1,,-0.04,0.1,0
2025-09-07T18:42:41.889000Z,2e702754-12da-4677-8056-3f6240b6755f,0.04,0.09,0.03,0.15,0,0.06,-0.05,0.02,0,0,1,0,0,0,0,0,0,0,0,0,0,0,0,0,1,,0.03,0.15,0
2025-09-07T18:42:41.911000Z,2e702754-12da-4677-8056-3f6240b6755f,0.04,0.08,0.01,-0.01,0,0,-0.03,-0.03,0,0,1,0,0,0,0,0,0,0,0,0,0,0,0,0,1,,0.01,-0.01,0
2025-09-07T18:42:41.934000Z,2e702754-12da-4677-8056-3f6240b6755f,0.03,0.09,0.01,0.13,0,-0.02,0.02,-0.03,0,0,1,0,0,0,0,0,0,0,0,0,0,0,0,0,1,,0.01,0.13,0
2025-09-07T18:42:41.961000Z,2e702754-12da-4677-8056-3f6240b6755f,0.03,0.08,0.07,0.03,0,-0.11,0.03,0,0,0,1,0,0,0,0,0,0,0,0,0,0,0,0,0,1,,0.07,0.03,0
2025-09-07T18:42:41.983000Z,2e702754-12da-4677-8056-3f6240b6755f,0.03,0.08,0.06,0.11,0,-0.03,0.03,0.03,0,0,1,0,0,0,0,0,0,0,0,0,0,0,0,0,1,,0.06,0.11,0
2025-09-07T18:42:42.004000Z,2e702754-12da-4677-8056-3f6240b6755f,0.03,0.08,-0.07,0.03,0,-0.05,0.03,0,0,0,1,0,0,0,0,0,0,0,0,0,0,0,0,0,1,,-0.07,0.03,0
2025-09-07T18:42:42.038000Z,2e702754-12da-4677-8056-3f6240b6755f,0.03,0.08,0.08,0.11,0,-0.02,0.02,0.05,0,0,1,0,0,0,0,0,0,0,0,0,0,0,0,0,1,,0.08,0.11,0
2025-09-07T18:42:42.051000Z,2e702754-12da-4677-8056-3f6240b6755f,0.03,0.09,0.03,0.14,0,-0.03,-0.02,0.02,0,0,1,0,0,0,0,0,0,0,0,0,0,0,0,0,1,,0.03,0.14,0
2025-09-07T18:42:42.087000Z,2e702754-12da-4677-8056-3f6240b6755f,0.03,0.09,-0.11,0.13,0,0,-0.03,0.05,0,0,1,0,0,0,0,0,0,0,0,0,0,0,0,0,1,,-0.11,0.13,0
2025-09-07T18:42:42.098000Z,2e702754-12da-4677-8056-3f6240b6755f,0.02,0.09,0.01,0.1,0,0.03,-0.03,0.02,0,0,1,0,0,0,0,0,0,0,0,0,0,0,0,0,1,,0.01,0.1,0
2025-09-07T18:42:42.127000Z,2e702754-12da-4677-8056-3f6240b6755f,0.01,0.08,-0.11,-0.13,0,-0.05,-0.06,0,0,0,1,0,0,0,0,0,0,0,0,0,0,0,0,0,1,,-0.11,-0.13,0
2025-09-07T18:42:42.156000Z,2e702754-12da-4677-8056-3f6240b6755f,0.01,0.08,-0.04,0.2,0,0.02,-0.05,0.03,0,0,1,0,0,0,0,0,0,0,0,0,0,0,0,0,1,,-0.04,0.2,0
2025-09-07T18:42:42.165000Z,2e702754-12da-4677-8056-3f6240b6755f,0.01,0.08,0,0,0,-0.03,0,0,0,0,1,0,0,0,0,0,0,0,0,0,0,0,0,0,1,,0,0,0
2025-09-07T18:42:42.184000Z,2e702754-12da-4677-8056-3f6240b6755f,0.01,0.08,0.04,0.32,0,0,0,0.03,-0.01,0,1,0,0,0,0,0,0,0,0,0,0,0,0,0,1,,0.04,0.32,0
2025-09-07T18:42:42.200000Z,2e702754-12da-4677-8056-3f6240b6755f,0,0.08,0.08,-0.01,0,-0.12,0.06,-0.06,0,0,1,0,0,0,0,0,0,0,0,0,0,0,0,0,1,,0.08,-0.01,0
2025-09-07T18:42:42.222000Z,2e702754-12da-4677-8056-3f6240b6755f,0,0.09,-0.04,0.07,0,-0.08,0.06,0,0,0,1,0,0,0,0,0,0,0,0,0,0,0,0,0,1,,-0.04,0.07,0
2025-09-07T18:42:42.247000Z,2e702754-12da-4677-8056-3f6240b6755f,0,0.09,0.06,0.06,0,-0.09,0.12,-0.02,0,0,1,0,0,0,0,0,0,0,0,0,0,0,0,0,1,,0.06,0.06,0
2025-09-07T18:42:42.270000Z,2e702754-12da-4677-8056-3f6240b6755f,0.01,0.09,0.14,0.01,0,-0.05,-0.03,-0.05,0,0,1,0,0,0,0,0,0,0,0,0,0,0,0,0,1,,0.14,0.01,0
2025-09-07T18:42:42.302000Z,2e702754-12da-4677-8056-3f6240b6755f,0.01,0.09,0.03,0.21,0,0.03,-0.11,0,0,0,1.01,0,0,0,0,0,0,0,0,0,0,0,0,0,1,,0.03,0.21,0
2025-09-07T18:42:42.323000Z,2e702754-12da-4677-8056-3f6240b6755f,0.01,0.09,0.06,0.07,0,0,-0.06,-0.02,0,0,1,0,0,0,0,0,0,0,0,0,0,0,0,0,1,,0.06,0.07,0
2025-09-07T18:42:42.330000Z,2e702754-12da-4677-8056-3f6240b6755f,0.02,0.09,0.04,0.06,0,0.05,-0.11,0.05,0,0,1,0,0,0,0,0,0,0,0,0,0,0,0,0,1,,0.04,0.06,0
2025-09-07T18:42:42.349000Z,2e702754-12da-4677-8056-3f6240b6755f,0.02,0.09,0.06,0.08,0,0.03,-0.05,0.02,0,0,1,0,0,0,0,0,0,0,0,0,0,0,0,0,1,,0.06,0.08,0
2025-09-07T18:42:42.370000Z,2e702754-12da-4677-8056-3f6240b6755f,0.02,0.09,0.04,0.14,0,0,-0.02,0.02,0,0,1,0,0,0,0,0,0,0,0,0,0,0,0,0,1,,0.04,0.14,0
2025-09-07T18:42:42.397000Z,2e702754-12da-4677-8056-3f6240b6755f,0.02,0.09,-0.07,-0.01,0,-0.05,-0.02,0,0,0,1,0,0,0,0,0,0,0,0,0,0,0,0,0,1,,-0.07,-0.01,0
2025-09-07T18:42:42.419000Z,2e702754-12da-4677-8056-3f6240b6755f,0.02,0.08,0.04,0.06,0,-0.03,0.03,0,0,0,1,0,0,0,0,0,0,0,0,0,0,0,0,0,1,,0.04,0.06,0
2025-09-07T18:42:42.447000Z,2e702754-12da-4677-8056-3f6240b6755f,0.01,0.08,-0.07,-0.01,0,-0.06,0.03,-0.03,0,0,1,0,0,0,0,0,0,0,0,0,0,0,0,0,1,,-0.07,-0.01,0
2025-09-07T18:42:42.458000Z,2e702754-12da-4677-8056-3f6240b6755f,0.01,0.08,-0.01,0.11,0,-0.05,0.05,0,0,0,1,0,0,0,0,0,0,0,0,0,0,0,0,0,1,,-0.01,0.11,0
2025-09-07T18:42:42.507000Z,2e702754-12da-4677-8056-3f6240b6755f,0.01,0.08,0.07,0.11,0,-0.06,0,-0.03,0,0,1,0,0,0,0,0,0,0,0,0,0,0,0,0,1,,0.07,0.11,0
2025-09-07T18:42:42.508000Z,2e702754-12da-4677-8056-3f6240b6755f,0.01,0.09,0,0.14,0,0,-0.06,0.02,0,0,1,0,0,0,0,0,0,0,0,0,0,0,0,0,1,,0,0.14,0
2025-09-07T18:42:42.530000Z,2e702754-12da-4677-8056-3f6240b6755f,0.02,0.09,0.06,0.17,0,-0.05,-0.06,0.02,0,0,1,0,0,0,0,0,0,0,0,0,0,0,0,0,1,,0.06,0.17,0
2025-09-07T18:42:42.572000Z,2e702754-12da-4677-8056-3f6240b6755f,0.02,0.09,0.01,0,0,-0.02,-0.08,0,0,0,1,0,0,0,0,0,0,0,0,0,0,0,0,0,1,,0.01,0,0
2025-09-07T18:42:42.573000Z,2e702754-12da-4677-8056-3f6240b6755f,0.02,0.09,-0.04,0.07,0,0.02,-0.06,0,0,0,1,0,0,0,0,0,0,0,0,0,0,0,0,0,1,,-0.04,0.07,0
2025-09-07T18:42:42.598000Z,2e702754-12da-4677-8056-3f6240b6755f,0.02,0.08,0.13,-0.01,0,0,-0.02,0.02,0,0,1,0,0,0,0,0,0,0,0,0,0,0,0,0,1,,0.13,-0.01,0
2025-09-07T18:42:42.610000Z,2e702754-12da-4677-8056-3f6240b6755f,0.02,0.08,-0.07,0.08,0,-0.02,0.02,0.03,0,0,1,0,0,0,0,0,0,0,0,0,0,0,0,0,1,,-0.07,0.08,0
2025-09-07T18:42:42.639000Z,2e702754-12da-4677-8056-3f6240b6755f,0.02,0.08,-0.03,0,0,-0.05,0.08,0,0,0,1,0,0,0,0,0,0,0,0,0,0,0,0,0,1,,-0.03,0,0
2025-09-07T18:42:42.654000Z,2e702754-12da-4677-8056-3f6240b6755f,0.01,0.08,0.01,0.17,0,-0.03,0.05,0.05,0,0,1,0,0,0,0,0,0,0,0,0,0,0,0,0,1,,0.01,0.17,0
2025-09-07T18:42:42.674000Z,2e702754-12da-4677-8056-3f6240b6755f,0.01,0.08,-0.04,0.06,0,-0.08,0.08,0,0,0,1,0,0,0,0,0,0,0,0,0,0,0,0,0,1,,-0.04,0.06,0
2025-09-07T18:42:42.701000Z,2e702754-12da-4677-8056-3f6240b6755f,0.01,0.09,0.03,0.15,0,-0.02,0.06,0.05,0,0,1,0,0,0,0,0,0,0,0,0,0,0,0,0,1,,0.03,0.15,0
2025-09-07T18:42:42.715000Z,2e702754-12da-4677-8056-3f6240b6755f,0.01,0.08,-0.04,0.06,0,-0.05,-0.02,-0.02,0,0,1,0,0,0,0,0,0,0,0,0,0,0,0,0,1,,-0.04,0.06,0
2025-09-07T18:42:42.739000Z,2e702754-12da-4677-8056-3f6240b6755f,0.01,0.09,0.06,0.15,0,0.02,-0.09,0.02,0,0,1,0,0,0,0,0,0,0,0,0,0,0,0,0,1,,0.06,0.15,0
2025-09-07T18:42:42.757000Z,2e702754-12da-4677-8056-3f6240b6755f,0.01,0.08,0.06,0,0,-0.03,-0.11,-0.03,0,0,1,0,0,0,0,0,0,0,0,0,0,0,0,0,1,,0.06,0,0
2025-09-07T18:42:42.781000Z,2e702754-12da-4677-8056-3f6240b6755f,0.01,0.08,-0.07,-0.01,0,-0.02,-0.09,0.03,0,0,1,0,0,0,0,0,0,0,0,0,0,0,0,0,1,,-0.07,-0.01,0
2025-09-07T18:42:42.802000Z,2e702754-12da-4677-8056-3f6240b6755f,0.02,0.07,0.08,0.11,0,-0.02,-0.08,-0.03,0,0,1,0,0,0,0,0,0,0,0,0,0,0,0,0,1,,0.08,0.11,0
2025-09-07T18:42:42.832000Z,2e702754-12da-4677-8056-3f6240b6755f,0.01,0.07,-0.08,0.03,0,-0.02,-0.03,0,0,0,1,0,0,0,0,0,0,0,0,0,0,0,0,0,1,,-0.08,0.03,0
2025-09-07T18:42:42.849000Z,2e702754-12da-4677-8056-3f6240b6755f,0.02,0.07,0.01,0.15,0,0,0.03,-0.02,0,0,1,0,0,0,0,0,0,0,0,0,0,0,0,0,1,,0.01,0.15,0
2025-09-07T18:42:42.868000Z,2e702754-12da-4677-8056-3f6240b6755f,0.02,0.07,0.03,0,0,-0.03,0.05,0.02,0,0,1,0,0,0,0,0,0,0,0,0,0,0,0,0,1,,0.03,0,0
2025-09-07T18:42:42.891000Z,2e702754-12da-4677-8056-3f6240b6755f,0.01,0.07,-0.04,0.1,0,0,0.08,0.02,0,0,1,0,0,0,0,0,0,0,0,0,0,0,0,0,1,,-0.04,0.1,0
2025-09-07T18:42:42.910000Z,2e702754-12da-4677-8056-3f6240b6755f,0.01,0.07,-0.01,0.1,0,-0.03,0.08,-0.02,0,0,1,0,0,0,0,0,0,0,0,0,0,0,0,0,1,,-0.01,0.1,0
2025-09-07T18:42:42.933000Z,2e702754-12da-4677-8056-3f6240b6755f,0.01,0.08,0.04,0.15,0,0,0,-0.02,0,0,1,0,0,0,0,0,0,0,0,0,0,0,0,0,1,,0.04,0.15,0
2025-09-07T18:42:42.963000Z,2e702754-12da-4677-8056-3f6240b6755f,0.01,0.08,0.01,0.04,0,-0.02,-0.03,0.02,0,0,1,0,0,0,0,0,0,0,0,0,0,0,0,0,1,,0.01,0.04,0
2025-09-07T18:42:42.971000Z,2e702754-12da-4677-8056-3f6240b6755f,0.01,0.08,0.01,0.13,0,0.03,-0.05,0.02,0,0,1,0,0,0,0,0,0,0,0,0,0,0,0,0,1,,0.01,0.13,0
2025-09-07T18:42:42.999000Z,2e702754-12da-4677-8056-3f6240b6755f,0.02,0.08,-0.03,0.01,0,0,-0.11,0,0,0,1,0,0,0,0,0,0,0,0,0,0,0,0,0,1,,-0.03,0.01,0
2025-09-07T18:42:43.013000Z,2e702754-12da-4677-8056-3f6240b6755f,0.02,0.08,0.06,0.11,0,0.03,-0.12,0.05,0,0,1,0,0,0,0,0,0,0,0,0,0,0,0,0,1,,0.06,0.11,0
2025-09-07T18:42:43.037000Z,2e702754-12da-4677-8056-3f6240b6755f,0.02,0.07,0.07,-0.04,0,0,-0.03,0,0,0,1,0,0,0,0,0,0,0,0,0,0,0,0,0,1,,0.07,-0.04,0
2025-09-07T18:42:43.064000Z,2e702754-12da-4677-8056-3f6240b6755f,0.02,0.07,-0.07,0.01,0,0,-0.06,0.03,0,0,1,0,0,0,0,0,0,0,0,0,0,0,0,0,1,,-0.07,0.01,0
2025-09-07T18:42:43.086000Z,2e702754-12da-4677-8056-3f6240b6755f,0.02,0.06,0.1,0,0,-0.05,0,-0.06,0,0,1,0,0,0,0,0,0,0,0,0,0,0,0,0,1,,0.1,0,0
2025-09-07T18:42:43.101000Z,2e702754-12da-4677-8056-3f6240b6755f,0.02,0.07,-0.07,0.04,0,-0.02,0.02,0.02,0,0,1,0,0,0,0,0,0,0,0,0,0,0,0,0,1,,-0.07,0.04,0
2025-09-07T18:42:43.120000Z,2e702754-12da-4677-8056-3f6240b6755f,0.02,0.07,0.04,0.11,0,-0.03,0.06,-0.03,0,0,1,0,0,0,0,0,0,0,0,0,0,0,0,0,1,,0.04,0.11,0
2025-09-07T18:42:43.142000Z,2e702754-12da-4677-8056-3f6240b6755f,0.01,0.07,-0.06,-0.01,0,-0.03,0.05,-0.02,0,0,1,0,0,0,0,0,0,0,0,0,0,0,0,0,1,,-0.06,-0.01,0
2025-09-07T18:42:43.166000Z,2e702754-12da-4677-8056-3f6240b6755f,0.01,0.08,-0.08,0.27,0,-0.02,0.02,0.03,0,0,1,0,0,0,0,0,0,0,0,0,0,0,0,0,1,,-0.08,0.27,0
2025-09-07T18:42:43.188000Z,2e702754-12da-4677-8056-3f6240b6755f,0.01,0.08,0.08,0.11,0,0.02,0,0.03,0,0,1,0,0,0,0,0,0,0,0,0,0,0,0,0,1,,0.08,0.11,0
2025-09-07T18:42:43.209000Z,2e702754-12da-4677-8056-3f6240b6755f,0.01,0.09,-0.03,0.08,0,0.03,-0.06,0.05,0,0,1,0,0,0,0,0,0,0,0,0,0,0,0,0,1,,-0.03,0.08,0
2025-09-07T18:42:43.230000Z,2e702754-12da-4677-8056-3f6240b6755f,0.01,0.08,-0.08,0.1,0,0,-0.05,0.02,0,0,1,0,0,0,0,0,0,0,0,0,0,0,0,0,1,,-0.08,0.1,0
2025-09-07T18:42:43.253000Z,2e702754-12da-4677-8056-3f6240b6755f,0.01,0.08,0.14,0.01,0,0.02,-0.02,0.02,0,0,1,0,0,0,0,0,0,0,0,0,0,0,0,0,1,,0.14,0.01,0
2025-09-07T18:42:43.281000Z,2e702754-12da-4677-8056-3f6240b6755f,0.02,0.08,0.03,0.04,0,-0.05,-0.03,0,0,0,1,0,0,0,0,0,0,0,0,0,0,0,0,0,1,,0.03,0.04,0
2025-09-07T18:42:43.303000Z,2e702754-12da-4677-8056-3f6240b6755f,0.02,0.08,0,0.07,0,-0.02,-0.02,0.02,0,0,1,0,0,0,0,0,0,0,0,0,0,0,0,0,1,,0,0.07,0
2025-09-07T18:42:43.325000Z,2e702754-12da-4677-8056-3f6240b6755f,0.02,0.07,0.06,0.03,0,-0.08,0.03,0,0,0,1,0,0,0,0,0,0,0,0,0,0,0,0,0,1,,0.06,0.03,0
2025-09-07T18:42:43.341000Z,2e702754-12da-4677-8056-3f6240b6755f,0.02,0.08,0.01,0.15,0,-0.08,0.03,0.03,0,0,1,0,0,0,0,0,0,0,0,0,0,0,0,0,1,,0.01,0.15,0
2025-09-07T18:42:43.371000Z,2e702754-12da-4677-8056-3f6240b6755f,0.02,0.08,0.04,0.15,0,-0.05,0.03,0,0,0,1,0,0,0,0,0,0,0,0,0,0,0,0,0,1,,0.04,0.15,0
2025-09-07T18:42:43.391000Z,2e702754-12da-4677-8056-3f6240b6755f,0.01,0.08,-0.06,-0.06,0,-0.06,-0.02,0,0,0,1,0,0,0,0,0,0,0,0,0,0,0,0,0,1,,-0.06,-0.06,0
2025-09-07T18:42:43.420000Z,2e702754-12da-4677-8056-3f6240b6755f,0,0.08,-0.08,0.17,0,-0.02,-0.09,0.03,0,0,1,0,0,0,0,0,0,0,0,0,0,0,0,0,1,,-0.08,0.17,0
2025-09-07T18:42:43.434000Z,2e702754-12da-4677-8056-3f6240b6755f,0,0.08,0.11,0.08,0,0,-0.05,0,0,0,1,0,0,0,0,0,0,0,0,0,0,0,0,0,1,,0.11,0.08,0
2025-09-07T18:42:43.458000Z,2e702754-12da-4677-8056-3f6240b6755f,0.01,0.08,0,0.06,0,0,-0.08,0.05,0,0,1,0,0,0,0,0,0,0,0,0,0,0,0,0,1,,0,0.06,0
2025-09-07T18:42:43.480000Z,2e702754-12da-4677-8056-3f6240b6755f,0.01,0.07,0.17,0,0,-0.05,-0.03,-0.02,0,0,1,0,0,0,0,0,0,0,0,0,0,0,0,0,1,,0.17,0,0
2025-09-07T18:42:43.495000Z,2e702754-12da-4677-8056-3f6240b6755f,0.01,0.07,0.06,0.06,0,-0.03,-0.08,0.03,0,0,1,0,0,0,0,0,0,0,0,0,0,0,0,0,1,,0.06,0.06,0
2025-09-07T18:42:43.519000Z,2e702754-12da-4677-8056-3f6240b6755f,0.02,0.08,0.04,0.18,0,-0.03,-0.03,0,0,0,1,0,0,0,0,0,0,0,0,0,0,0,0,0,1,,0.04,0.18,0
2025-09-07T18:42:43.541000Z,2e702754-12da-4677-8056-3f6240b6755f,0.02,0.08,0.01,0.01,0,-0.06,-0.02,0.03,0,0,1,0,0,0,0,0,0,0,0,0,0,0,0,0,1,,0.01,0.01,0
2025-09-07T18:42:43.560000Z,2e702754-12da-4677-8056-3f6240b6755f,0.01,0.08,-0.03,0.15,0,-0.05,0,0.02,0,0,1,0,0,0,0,0,0,0,0,0,0,0,0,0,1,,-0.03,0.15,0
2025-09-07T18:42:43.583000Z,2e702754-12da-4677-8056-3f6240b6755f,0.01,0.08,0.03,0.07,0,-0.03,0,0,0,0,1,0,0,0,0,0,0,0,0,0,0,0,0,0,1,,0.03,0.07,0
2025-09-07T18:42:43.603000Z,2e702754-12da-4677-8056-3f6240b6755f,0.01,0.08,0.03,0.15,0,-0.02,-0.03,0.02,0,0,1,0,0,0,0,0,0,0,0,0,0,0,0,0,1,,0.03,0.15,0
2025-09-07T18:42:43.626000Z,2e702754-12da-4677-8056-3f6240b6755f,0.01,0.08,-0.03,0.04,0,-0.03,-0.03,-0.02,0,0,1,0,0,0,0,0,0,0,0,0,0,0,0,0,1,,-0.03,0.04,0
2025-09-07T18:42:43.647000Z,2e702754-12da-4677-8056-3f6240b6755f,0.02,0.09,0.13,0.18,0,0,-0.03,0.02,0,0,1,0,0,0,0,0,0,0,0,0,0,0,0,0,1,,0.13,0.18,0
2025-09-07T18:42:43.669000Z,2e702754-12da-4677-8056-3f6240b6755f,0.02,0.09,0.04,0.07,0,-0.05,-0.05,0,0,0,1,0,0,0,0,0,0,0,0,0,0,0,0,0,1,,0.04,0.07,0
2025-09-07T18:42:43.708000Z,2e702754-12da-4677-8056-3f6240b6755f,0.02,0.09,-0.01,0.11,0,0,-0.03,0.03,0,0,1,0,0,0,0,0,0,0,0,0,0,0,0,0,1,,-0.01,0.11,0
2025-09-07T18:42:43.726000Z,2e702754-12da-4677-8056-3f6240b6755f,0.02,0.09,0.13,0.14,0,0,0.03,0,0,0,1,0,0,0,0,0,0,0,0,0,0,0,0,0,1,,0.13,0.14,0
2025-09-07T18:42:43.748000Z,2e702754-12da-4677-8056-3f6240b6755f,0.02,0.08,-0.07,-0.1,0,-0.05,-0.03,-0.02,0,0,1,0,0,0,0,0,0,0,0,0,0,0,0,0,1,,-0.07,-0.1,0
2025-09-07T18:42:43.763000Z,2e702754-12da-4677-8056-3f6240b6755f,0.02,0.08,0.04,0.08,0,-0.06,0.03,0,0,0,1,0,0,0,0,0,0,0,0,0,0,0,0,0,1,,0.04,0.08,0
2025-09-07T18:42:43.794000Z,2e702754-12da-4677-8056-3f6240b6755f,0.02,0.08,-0.01,0.04,0,-0.03,0.02,0.02,0,0,1,0,0,0,0,0,0,0,0,0,0,0,0,0,1,,-0.01,0.04,0
2025-09-07T18:42:43.818000Z,2e702754-12da-4677-8056-3f6240b6755f,0.01,0.08,-0.11,0.11,0,0,0.02,0.03,0,0,1,0,0,0,0,0,0,0,0,0,0,0,0,0,1,,-0.11,0.11,0
2025-09-07T18:42:43.832000Z,2e702754-12da-4677-8056-3f6240b6755f,0.02,0.07,0.03,0,0,-0.03,-0.06,0.02,0,0,1,0,0,0,0,0,0,0,0,0,0,0,0,0,1,,0.03,0,0
2025-09-07T18:42:43.851000Z,2e702754-12da-4677-8056-3f6240b6755f,0.01,0.08,0.01,0.14,0,-0.02,-0.06,0,0,0,1,0,0,0,0,0,0,0,0,0,0,0,0,0,1,,0.01,0.14,0
2025-09-07T18:42:43.886000Z,2e702754-12da-4677-8056-3f6240b6755f,0.01,0.07,-0.07,0.07,0,0.02,0,-0.03,0,0,1,0,0,0,0,0,0,0,0,0,0,0,0,0,1,,-0.07,0.07,0
2025-09-07T18:42:43.899000Z,2e702754-12da-4677-8056-3f6240b6755f,0.01,0.08,0.14,0.14,0,0,-0.06,0.03,0,0,1,0,0,0,0,0,0,0,0,0,0,0,0,0,1,,0.14,0.14,0
2025-09-07T18:42:43.922000Z,2e702754-12da-4677-8056-3f6240b6755f,0.01,0.07,0.03,0.07,0,-0.03,-0.08,0,0,0,1,0,0,0,0,0,0,0,0,0,0,0,0,0,1,,0.03,0.07,0
2025-09-07T18:42:43.940000Z,2e702754-12da-4677-8056-3f6240b6755f,0.01,0.07,-0.14,-0.06,0,-0.05,-0.05,-0.02,0,0,1,0,0,0,0,0,0,0,0,0,0,0,0,0,1,,-0.14,-0.06,0
2025-09-07T18:42:43.964000Z,2e702754-12da-4677-8056-3f6240b6755f,0.01,0.06,0.04,0.14,0,0.02,0,-0.02,0,0,1,0,0,0,0,0,0,0,0,0,0,0,0,0,1,,0.04,0.14,0
2025-09-07T18:42:43.984000Z,2e702754-12da-4677-8056-3f6240b6755f,0,0.06,-0.03,-0.04,0,0.02,0.02,-0.03,0,0,1,0,0,0,0,0,0,0,0,0,0,0,0,0,1,,-0.03,-0.04,0
2025-09-07T18:42:44.007000Z,2e702754-12da-4677-8056-3f6240b6755f,0,0.06,-0.03,0.13,0,0,0,0.03,0,0,1,0,0,0,0,0,0,0,0,0,0,0,0,0,1,,-0.03,0.13,0
2025-09-07T18:42:44.033000Z,2e702754-12da-4677-8056-3f6240b6755f,0,0.06,0.08,0.08,0,-0.03,-0.02,0,0,0,1,0,0,0,0,0,0,0,0,0,0,0,0,0,1,,0.08,0.08,0
2025-09-07T18:42:44.056000Z,2e702754-12da-4677-8056-3f6240b6755f,0,0.06,-0.06,0.07,0,0,-0.02,0.05,0,0,1,0,0,0,0,0,0,0,0,0,0,0,0,0,1,,-0.06,0.07,0
2025-09-07T18:42:44.069000Z,2e702754-12da-4677-8056-3f6240b6755f,0.01,0.06,0.1,0.2,0,0,0,0.03,0,0,1,0,0,0,0,0,0,0,0,0,0,0,0,0,1,,0.1,0.2,0
2025-09-07T18:42:44.090000Z,2e702754-12da-4677-8056-3f6240b6755f,0.01,0.06,0.07,0.01,0,0.02,-0.05,0.05,0,0,1,0,0,0,0,0,0,0,0,0,0,0,0,0,1,,0.07,0.01,0
2025-09-07T18:42:44.112000Z,2e702754-12da-4677-8056-3f6240b6755f,0.02,0.07,0.06,0.14,0,-0.02,-0.03,0.03,0,0,1,0,0,0,0,0,0,0,0,0,0,0,0,0,1,,0.06,0.14,0
2025-09-07T18:42:44.152000Z,2e702754-12da-4677-8056-3f6240b6755f,0.02,0.07,0.13,0.08,0,0,-0.03,0.03,0,0,1,0,0,0,0,0,0,0,0,0,0,0,0,0,1,,0.13,0.08,0
2025-09-07T18:42:44.162000Z,2e702754-12da-4677-8056-3f6240b6755f,0.02,0.07,-0.06,0.13,0,0.02,-0.08,0,0,0,1,0,0,0,0,0,0,0,0,0,0,0,0,0,1,,-0.06,0.13,0
2025-09-07T18:42:44.183000Z,2e702754-12da-4677-8056-3f6240b6755f,0.02,0.07,0.1,0.04,0,-0.02,-0.03,0.02,0,0,1,0,0,0,0,0,0,0,0,0,0,0,0,0,1,,0.1,0.04,0
2025-09-07T18:42:44.213000Z,2e702754-12da-4677-8056-3f6240b6755f,0.02,0.06,0.01,0.04,0,0,0,-0.03,0,0,1,0,0,0,0,0,0,0,0,0,0,0,0,0,1,,0.01,0.04,0
2025-09-07T18:42:44.225000Z,2e702754-12da-4677-8056-3f6240b6755f,0.02,0.06,-0.04,-0.04,0,-0.03,0,-0.02,0,0,1,0,0,0,0,0,0,0,0,0,0,0,0,0,1,,-0.04,-0.04,0
2025-09-07T18:42:44.245000Z,2e702754-12da-4677-8056-3f6240b6755f,0.02,0.06,0.07,0.1,0,-0.02,0,0,0,0,1,0,0,0,0,0,0,0,0,0,0,0,0,0,1,,0.07,0.1,0
2025-09-07T18:42:44.263000Z,2e702754-12da-4677-8056-3f6240b6755f,0.02,0.06,-0.15,0,0,-0.02,-0.03,0.02,0,0,1,0,0,0,0,0,0,0,0,0,0,0,0,0,1,,-0.15,0,0
2025-09-07T18:42:44.289000Z,2e702754-12da-4677-8056-3f6240b6755f,0.01,0.06,0,0.22,0,0.05,-0.02,0.03,0,0,1,0,0,0,0,0,0,0,0,0,0,0,0,0,1,,0,0.22,0
2025-09-07T18:42:44.312000Z,2e702754-12da-4677-8056-3f6240b6755f,0.01,0.06,0.01,0.07,0,0,0,0,0,0,1,0,0,0,0,0,0,0,0,0,0,0,0,0,1,,0.01,0.07,0
2025-09-07T18:42:44.332000Z,2e702754-12da-4677-8056-3f6240b6755f,0.01,0.07,-0.13,-0.01,0,-0.02,-0.12,0,0,0,1,0,0,0,0,0,0,0,0,0,0,0,0,0,1,,-0.13,-0.01,0
2025-09-07T18:42:44.364000Z,2e702754-12da-4677-8056-3f6240b6755f,0.01,0.07,0.03,0.21,0,0.05,-0.03,0.03,0,0,1,0,0,0,0,0,0,0,0,0,0,0,0,0,1,,0.03,0.21,0
2025-09-07T18:42:44.381000Z,2e702754-12da-4677-8056-3f6240b6755f,0.01,0.06,0.04,-0.08,0,-0.03,0.02,-0.03,0,0,1,0,0,0,0,0,0,0,0,0,0,0,0,0,1,,0.04,-0.08,0
2025-09-07T18:42:44.404000Z,2e702754-12da-4677-8056-3f6240b6755f,0,0.06,-0.1,0.11,0,-0.03,-0.02,0.02,0,0,1,0,0,0,0,0,0,0,0,0,0,0,0,0,1,,-0.1,0.11,0
2025-09-07T18:42:44.422000Z,2e702754-12da-4677-8056-3f6240b6755f,0.01,0.06,0.11,0.07,0,-0.05,0.03,0,0,0,1.01,0,0,0,0,0,0,0,0,0,0,0,0,0,1,,0.11,0.07,0
2025-09-07T18:42:44.446000Z,2e702754-12da-4677-8056-3f6240b6755f,0,0.06,-0.08,-0.01,0,0,-0.02,0.03,0,0,1,0,0,0,0,0,0,0,0,0,0,0,0,0,1,,-0.08,-0.01,0
2025-09-07T18:42:44.470000Z,2e702754-12da-4677-8056-3f6240b6755f,0,0.06,-0.04,0.2,0,-0.05,0,0.05,0,0,1,0,0,0,0,0,0,0,0,0,0,0,0,0,1,,-0.04,0.2,0
2025-09-07T18:42:44.505000Z,2e702754-12da-4677-8056-3f6240b6755f,-0.01,0.07,-0.01,0.03,0,-0.02,0,0.05,0,0,1,0,0,0,0,0,0,0,0,0,0,0,0,0,1,,-0.01,0.03,0
2025-09-07T18:42:44.517000Z,2e702754-12da-4677-8056-3f6240b6755f,-0.01,0.07,-0.13,0.1,0,0,-0.02,0.05,0,0,1,0,0,0,0,0,0,0,0,0,0,0,0,0,1,,-0.13,0.1,0
2025-09-07T18:42:44.534000Z,2e702754-12da-4677-8056-3f6240b6755f,-0.01,0.07,-0.04,0.06,0,-0.02,-0.03,0.03,0,0,1,0,0,0,0,0,0,0,0,0,0,0,0,0,1,,-0.04,0.06,0
2025-09-07T18:42:44.555000Z,2e702754-12da-4677-8056-3f6240b6755f,-0.02,0.07,0.04,0.1,0,0,-0.06,-0.03,0,0,1,0,0,0,0,0,0,0,0,0,0,0,0,0,1,,0.04,0.1,0
2025-09-07T18:42:44.575000Z,2e702754-12da-4677-8056-3f6240b6755f,-0.02,0.07,-0.11,0.06,0,-0.02,-0.08,-0.02,0,0,1,0,0,0,0,0,0,0,0,0,0,0,0,0,1,,-0.11,0.06,0
2025-09-07T18:42:44.597000Z,2e702754-12da-4677-8056-3f6240b6755f,-0.02,0.07,0.13,0.18,0,0.02,-0.05,-0.02,0,0,1,0,0,0,0,0,0,0,0,0,0,0,0,0,1,,0.13,0.18,0
2025-09-07T18:42:44.621000Z,2e702754-12da-4677-8056-3f6240b6755f,-0.02,0.07,0,-0.07,0,-0.08,0.02,-0.02,0,0,1,0,0,0,0,0,0,0,0,0,0,0,0,0,1,,0,-0.07,0
2025-09-07T18:42:44.641000Z,2e702754-12da-4677-8056-3f6240b6755f,-0.01,0.07,-0.04,0.15,0,-0.03,-0.02,-0.02,0,0,1,0,0,0,0,0,0,0,0,0,0,0,0,0,1,,-0.04,0.15,0
2025-09-07T18:42:44.669000Z,2e702754-12da-4677-8056-3f6240b6755f,-0.01,0.06,0.13,0.04,0,0.02,-0.02,-0.03,0,0,1,0,0,0,0,0,0,0,0,0,0,0,0,0,1,,0.13,0.04,0
2025-09-07T18:42:44.685000Z,2e702754-12da-4677-8056-3f6240b6755f,-0.01,0.07,-0.07,0.1,0,0,0.02,0.03,0,0,1,0,0,0,0,0,0,0,0,0,0,0,0,0,1,,-0.07,0.1,0
2025-09-07T18:42:44.710000Z,2e702754-12da-4677-8056-3f6240b6755f,-0.01,0.07,-0.04,0.15,0,0,0.05,0,0,0,1,0,0,0,0,0,0,0,0,0,0,0,0,0,1,,-0.04,0.15,0
2025-09-07T18:42:44.733000Z,2e702754-12da-4677-8056-3f6240b6755f,-0.02,0.07,-0.03,-0.06,0,0.02,-0.05,0.03,0,0,1,0,0,0,0,0,0,0,0,0,0,0,0,0,1,,-0.03,-0.06,0
2025-09-07T18:42:44.751000Z,2e702754-12da-4677-8056-3f6240b6755f,-0.02,0.07,-0.06,0.2,0,0,0,0.03,0,0,1,0,0,0,0,0,0,0,0,0,0,0,0,0,1,,-0.06,0.2,0
2025-09-07T18:42:44.773000Z,2e702754-12da-4677-8056-3f6240b6755f,-0.01,0.07,0.03,-0.03,0,-0.03,-0.06,0.03,0,0,1,0,0,0,0,0,0,0,0,0,0,0,0,0,1,,0.03,-0.03,0
2025-09-07T18:42:44.796000Z,2e702754-12da-4677-8056-3f6240b6755f,-0.01,0.07,0.04,0.13,0,0,-0.08,0.03,0,0,1,0,0,0,0,0,0,0,0,0,0,0,0,0,1,,0.04,0.13,0
2025-09-07T18:42:44.824000Z,2e702754-12da-4677-8056-3f6240b6755f,-0.01,0.07,-0.03,0.03,0,-0.02,-0.02,0,0,0,1,0,0,0,0,0,0,0,0,0,0,0,0,0,1,,-0.03,0.03,0
2025-09-07T18:42:44.843000Z,2e702754-12da-4677-8056-3f6240b6755f,0,0.07,0.15,0.04,0,0,-0.06,0.06,0,0,1,0,0,0,0,0,0,0,0,0,0,0,0,0,1,,0.15,0.04,0
2025-09-07T18:42:44.864000Z,2e702754-12da-4677-8056-3f6240b6755f,0,0.06,0,0.03,0,-0.05,-0.03,0.02,0,0,1,0,0,0,0,0,0,0,0,0,0,0,0,0,1,,0,0.03,0
2025-09-07T18:42:44.890000Z,2e702754-12da-4677-8056-3f6240b6755f,0,0.06,-0.04,0.07,0,0.02,-0.03,-0.02,0,0,1,0,0,0,0,0,0,0,0,0,0,0,0,0,1,,-0.04,0.07,0
2025-09-07T18:42:44.918000Z,2e702754-12da-4677-8056-3f6240b6755f,0,0.07,0.04,0.11,0,-0.03,0.02,0,0,0,1,0,0,0,0,0,0,0,0,0,0,0,0,0,1,,0.04,0.11,0
2025-09-07T18:42:44.933000Z,2e702754-12da-4677-8056-3f6240b6755f,0,0.07,0,0.03,0,-0.05,0,0.06,0,0,1,0,0,0,0,0,0,0,0,0,0,0,0,0,1,,0,0.03,0
2025-09-07T18:42:44.958000Z,2e702754-12da-4677-8056-3f6240b6755f,0,0.07,0.07,0.14,0,0,0.05,0,0,0,1,0,0,0,0,0,0,0,0,0,0,0,0,0,1,,0.07,0.14,0
2025-09-07T18:42:44.978000Z,2e702754-12da-4677-8056-3f6240b6755f,0,0.07,-0.08,0.06,0,0.02,0,0.02,0,0,1,0,0,0,0,0,0,0,0,0,0,0,0,0,1,,-0.08,0.06,0
2025-09-07T18:42:44.993000Z,2e702754-12da-4677-8056-3f6240b6755f,0,0.08,0,0.18,0,0.05,0,0.05,0,0,1,0,0,0,0,0,0,0,0,0,0,0,0,0,1,,0,0.18,0
2025-09-07T18:42:45.020000Z,2e702754-12da-4677-8056-3f6240b6755f,0,0.07,0.04,0,0,-0.03,0.02,0,0,0,1,0,0,0,0,0,0,0,0,0,0,0,0,0,1,,0.04,0,0
2025-09-07T18:42:45.041000Z,2e702754-12da-4677-8056-3f6240b6755f,0,0.07,-0.04,-0.03,0,0.03,-0.02,0.05,0,0,1,0,0,0,0,0,0,0,0,0,0,0,0,0,1,,-0.04,-0.03,0
2025-09-07T18:42:45.060000Z,2e702754-12da-4677-8056-3f6240b6755f,0,0.07,-0.01,0.06,0,0.03,-0.02,0.03,0,0,1,0,0,0,0,0,0,0,0,0,0,0,0,0,1,,-0.01,0.06,0
2025-09-07T18:42:45.079000Z,2e702754-12da-4677-8056-3f6240b6755f,0.01,0.06,0.07,0.03,0,0.03,0,0,0,0,1,0,0,0,0,0,0,0,0,0,0,0,0,0,1,,0.07,0.03,0
2025-09-07T18:42:45.098000Z,2e702754-12da-4677-8056-3f6240b6755f,0.01,0.06,0.06,-0.03,0,-0.05,-0.03,-0.02,0,0,1,0,0,0,0,0,0,0,0,0,0,0,0,0,1,,0.06,-0.03,0
2025-09-07T18:42:45.124000Z,2e702754-12da-4677-8056-3f6240b6755f,0.01,0.06,0.1,0.17,0,-0.02,-0.03,0.05,0,0,1,0,0,0,0,0,0,0,0,0,0,0,0,0,1,,0.1,0.17,0
2025-09-07T18:42:45.150000Z,2e702754-12da-4677-8056-3f6240b6755f,0.01,0.07,-0.04,0.13,0,-0.02,0.03,0.03,0,0,1,0,0,0,0,0,0,0,0,0,0,0,0,0,1,,-0.04,0.13,0
2025-09-07T18:42:45.168000Z,2e702754-12da-4677-8056-3f6240b6755f,0.02,0.08,0.06,0.2,0,-0.02,0.03,0.06,0,0,1,0,0,0,0,0,0,0,0,0,0,0,0,0,1,,0.06,0.2,0
2025-09-07T18:42:45.187000Z,2e702754-12da-4677-8056-3f6240b6755f,0.01,0.07,-0.07,0.04,0,-0.03,-0.05,0.02,0,0,1,0,0,0,0,0,0,0,0,0,0,0,0,0,1,,-0.07,0.04,0
2025-09-07T18:42:45.205000Z,2e702754-12da-4677-8056-3f6240b6755f,0.02,0.08,0.04,0.08,0,0,-0.03,0.05,0,0,1,0,0,0,0,0,0,0,0,0,0,0,0,0,1,,0.04,0.08,0
2025-09-07T18:42:45.231000Z,2e702754-12da-4677-8056-3f6240b6755f,0.02,0.08,0.1,0.17,0,0.05,-0.06,0.03,0,0,1,0,0,0,0,0,0,0,0,0,0,0,0,0,1,,0.1,0.17,0
2025-09-07T18:42:45.259000Z,2e702754-12da-4677-8056-3f6240b6755f,0.01,0.07,-0.13,-0.08,0,0.02,-0.03,0,0,0,1,0,0,0,0,0,0,0,0,0,0,0,0,0,1,,-0.13,-0.08,0
2025-09-07T18:42:45.277000Z,2e702754-12da-4677-8056-3f6240b6755f,0.01,0.08,-0.07,0.11,0,0.03,0,0.05,0,0,1,0,0,0,0,0,0,0,0,0,0,0,0,0,1,,-0.07,0.11,0
2025-09-07T18:42:45.307000Z,2e702754-12da-4677-8056-3f6240b6755f,0.01,0.07,0.1,0.08,0,0.03,0.06,-0.02,0,0,1,0,0,0,0,0,0,0,0,0,0,0,0,0,1,,0.1,0.08,0
2025-09-07T18:42:45.330000Z,2e702754-12da-4677-8056-3f6240b6755f,0.01,0.08,-0.04,0.17,0,-0.05,-0.02,0.02,0,0,1,0,0,0,0,0,0,0,0,0,0,0,0,0,1,,-0.04,0.17,0
2025-09-07T18:42:45.349000Z,2e702754-12da-4677-8056-3f6240b6755f,0.01,0.08,-0.01,0.13,0,-0.03,0.03,-0.02,0,0,1,0,0,0,0,0,0,0,0,0,0,0,0,0,1,,-0.01,0.13,0
2025-09-07T18:42:45.371000Z,2e702754-12da-4677-8056-3f6240b6755f,0.01,0.08,-0.04,0.03,0,-0.06,0.03,0,0,0,1,0,0,0,0,0,0,0,0,0,0,0,0,0,1,,-0.04,0.03,0
2025-09-07T18:42:45.388000Z,2e702754-12da-4677-8056-3f6240b6755f,0.01,0.09,-0.06,0.24,0,-0.03,-0.02,0.03,0,0,1,0,0,0,0,0,0,0,0,0,0,0,0,0,1,,-0.06,0.24,0
2025-09-07T18:42:45.409000Z,2e702754-12da-4677-8056-3f6240b6755f,0.02,0.09,0.15,0.08,0,-0.03,0,0,0,0,1,0,0,0,0,0,0,0,0,0,0,0,0,0,1,,0.15,0.08,0
2025-09-07T18:42:45.430000Z,2e702754-12da-4677-8056-3f6240b6755f,0.02,0.09,0.03,0.03,0,0,-0.03,0.02,0,0,1,0,0,0,0,0,0,0,0,0,0,0,0,0,1,,0.03,0.03,0
2025-09-07T18:42:45.458000Z,2e702754-12da-4677-8056-3f6240b6755f,0.02,0.08,-0.04,0.01,0,0.02,-0.03,-0.03,0,0,1,0,0,0,0,0,0,0,0,0,0,0,0,0,1,,-0.04,0.01,0
2025-09-07T18:42:45.480000Z,2e702754-12da-4677-8056-3f6240b6755f,0.02,0.08,0.04,0.08,0,0.03,-0.05,0.02,0,0,1,0,0,0,0,0,0,0,0,0,0,0,0,0,1,,0.04,0.08,0
2025-09-07T18:42:45.496000Z,2e702754-12da-4677-8056-3f6240b6755f,0.02,0.08,-0.13,-0.03,0,0,-0.05,0,0,0,1,0,0,0,0,0,0,0,0,0,0,0,0,0,1,,-0.13,-0.03,0
2025-09-07T18:42:45.522000Z,2e702754-12da-4677-8056-3f6240b6755f,0.02,0.08,0.06,0.14,0,0.03,0.02,0.03,0,0,1,0,0,0,0,0,0,0,0,0,0,0,0,0,1,,0.06,0.14,0
2025-09-07T18:42:45.544000Z,2e702754-12da-4677-8056-3f6240b6755f,0.01,0.07,-0.03,-0.04,0,-0.05,0,0.02,0,0,1,0,0,0,0,0,0,0,0,0,0,0,0,0,1,,-0.03,-0.04,0
2025-09-07T18:42:45.556000Z,2e702754-12da-4677-8056-3f6240b6755f,0.02,0.07,0.01,0.11,0,0,0,0.03,0,0,1,0,0,0,0,0,0,0,0,0,0,0,0,0,1,,0.01,0.11,0
2025-09-07T18:42:45.597000Z,2e702754-12da-4677-8056-3f6240b6755f,0.01,0.07,-0.07,-0.08,0,-0.03,0.05,0.03,0,0,1,0,0,0,0,0,0,0,0,0,0,0,0,0,1,,-0.07,-0.08,0
2025-09-07T18:42:45.598000Z,2e702754-12da-4677-8056-3f6240b6755f,0.01,0.07,-0.11,0.18,0,-0.03,0.02,0.05,0,0,1,0,0,0,0,0,0,0,0,0,0,0,0,0,1,,-0.11,0.18,0
2025-09-07T18:42:45.627000Z,2e702754-12da-4677-8056-3f6240b6755f,0.01,0.07,0.07,0.03,0,-0.03,0.03,0.02,0,0,1,0,0,0,0,0,0,0,0,0,0,0,0,0,1,,0.07,0.03,0
2025-09-07T18:42:45.648000Z,2e702754-12da-4677-8056-3f6240b6755f,0.01,0.07,-0.03,0,0,-0.03,-0.08,0.05,0,0,1,0,0,0,0,0,0,0,0,0,0,0,0,0,1,,-0.03,0,0
2025-09-07T18:42:45.670000Z,2e702754-12da-4677-8056-3f6240b6755f,0.01,0.07,-0.01,0.2,0,-0.02,-0.03,0.02,0,0,1,0,0,0,0,0,0,0,0,0,0,0,0,0,1,,-0.01,0.2,0
2025-09-07T18:42:45.695000Z,2e702754-12da-4677-8056-3f6240b6755f,0.01,0.07,0.01,-0.01,0,-0.03,-0.05,0.02,0,0,1,0,0,0,0,0,0,0,0,0,0,0,0,0,1,,0.01,-0.01,0
2025-09-07T18:42:45.712000Z,2e702754-12da-4677-8056-3f6240b6755f,0.01,0.07,-0.06,0.21,0,-0.03,-0.03,0.03,0,0,1,0,0,0,0,0,0,0,0,0,0,0,0,0,1,,-0.06,0.21,0
2025-09-07T18:42:45.735000Z,2e702754-12da-4677-8056-3f6240b6755f,0.01,0.07,0.04,0.01,0,-0.03,0,0.02,0,0,1,0,0,0,0,0,0,0,0,0,0,0,0,0,1,,0.04,0.01,0
2025-09-07T18:42:45.757000Z,2e702754-12da-4677-8056-3f6240b6755f,0.01,0.07,0.04,0.11,0,-0.02,-0.05,0.02,0,0,1,0,0,0,0,0,0,0,0,0,0,0,0,0,1,,0.04,0.11,0
2025-09-07T18:42:45.775000Z,2e702754-12da-4677-8056-3f6240b6755f,0.01,0.07,0,-0.01,0,-0.05,0,-0.02,0,0,1,0,0,0,0,0,0,0,0,0,0,0,0,0,1,,0,-0.01,0
2025-09-07T18:42:45.798000Z,2e702754-12da-4677-8056-3f6240b6755f,0.02,0.07,0.13,0.06,0,-0.03,0.02,0,0,0,1,0,0,0,0,0,0,0,0,0,0,0,0,0,1,,0.13,0.06,0
2025-09-07T18:42:45.819000Z,2e702754-12da-4677-8056-3f6240b6755f,0.02,0.07,0,0.07,0,-0.02,0.06,-0.02,0,0,1,0,0,0,0,0,0,0,0,0,0,0,0,0,1,,0,0.07,0
2025-09-07T18:42:45.838000Z,2e702754-12da-4677-8056-3f6240b6755f,0.02,0.07,0.06,0.14,0,-0.05,0.03,0.03,0,0,1,0,0,0,0,0,0,0,0,0,0,0,0,0,1,,0.06,0.14,0
2025-09-07T18:42:45.871000Z,2e702754-12da-4677-8056-3f6240b6755f,0.01,0.08,0.01,0.11,0,-0.06,-0.03,-0.02,0,0,1,0,0,0,0,0,0,0,0,0,0,0,0,0,1,,0.01,0.11,0
2025-09-07T18:42:45.885000Z,2e702754-12da-4677-8056-3f6240b6755f,0.02,0.09,-0.01,0.13,0,-0.02,0,0.02,0,0,1,0,0,0,0,0,0,0,0,0,0,0,0,0,1,,-0.01,0.13,0
2025-09-07T18:42:45.909000Z,2e702754-12da-4677-8056-3f6240b6755f,0.01,0.08,0.04,0.1,0,-0.02,-0.05,0,0,0,1,0,0,0,0,0,0,0,0,0,0,0,0,0,1,,0.04,0.1,0
2025-09-07T18:42:45.931000Z,2e702754-12da-4677-8056-3f6240b6755f,0.01,0.09,-0.1,0.11,0,-0.05,-0.09,0.02,0,0,1,0,0,0,0,0,0,0,0,0,0,0,0,0,1,,-0.1,0.11,0
2025-09-07T18:42:45.946000Z,2e702754-12da-4677-8056-3f6240b6755f,0.01,0.09,-0.01,0.13,0,-0.03,-0.08,0.02,0,0,1,0,0,0,0,0,0,0,0,0,0,0,0,0,1,,-0.01,0.13,0
2025-09-07T18:42:45.970000Z,2e702754-12da-4677-8056-3f6240b6755f,0.01,0.08,0.04,0.01,0,-0.03,-0.05,-0.02,0,0,1,0,0,0,0,0,0,0,0,0,0,0,0,0,1,,0.04,0.01,0
2025-09-07T18:42:45.993000Z,2e702754-12da-4677-8056-3f6240b6755f,0.01,0.09,0,0.14,0,-0.03,0,-0.02,0,0,1,0,0,0,0,0,0,0,0,0,0,0,0,0,1,,0,0.14,0
2025-09-07T18:42:46.011000Z,2e702754-12da-4677-8056-3f6240b6755f,0.01,0.08,0,0.01,0,-0.02,-0.02,0,0,0,1,0,0,0,0,0,0,0,0,0,0,0,0,0,1,,0,0.01,0
2025-09-07T18:42:46.032000Z,2e702754-12da-4677-8056-3f6240b6755f,0.01,0.09,-0.04,0.18,0,-0.02,0.02,0.05,0,0,1,0,0,0,0,0,0,0,0,0,0,0,0,0,1,,-0.04,0.18,0
2025-09-07T18:42:46.052000Z,2e702754-12da-4677-8056-3f6240b6755f,0.01,0.09,0.01,0.04,0,-0.02,0.03,0.03,0,0,1,0,0,0,0,0,0,0,0,0,0,0,0,0,1,,0.01,0.04,0
2025-09-07T18:42:46.075000Z,2e702754-12da-4677-8056-3f6240b6755f,0.01,0.09,0.07,0.14,0,-0.02,-0.02,0.05,0,0,1,0,0,0,0,0,0,0,0,0,0,0,0,0,1,,0.07,0.14,0
2025-09-07T18:42:46.091000Z,2e702754-12da-4677-8056-3f6240b6755f,0.01,0.09,-0.03,0.06,0,0,0,0.02,0,0,1,0,0,0,0,0,0,0,0,0,0,0,0,0,1,,-0.03,0.06,0
2025-09-07T18:42:46.127000Z,2e702754-12da-4677-8056-3f6240b6755f,0.01,0.1,0.07,0.2,0,0.02,-0.03,0.02,0,0,1,0,0,0,0,0,0,0,0,0,0,0,0,0,1,,0.07,0.2,0
2025-09-07T18:42:46.136000Z,2e702754-12da-4677-8056-3f6240b6755f,0.01,0.09,0.04,-0.01,0,-0.05,-0.02,0,0,0,1,0,0,0,0,0,0,0,0,0,0,0,0,0,1,,0.04,-0.01,0
2025-09-07T18:42:46.166000Z,2e702754-12da-4677-8056-3f6240b6755f,0.02,0.09,0,0.03,0,-0.02,-0.08,0,0,0,1,0,0,0,0,0,0,0,0,0,0,0,0,0,1,,0,0.03,0
2025-09-07T18:42:46.184000Z,2e702754-12da-4677-8056-3f6240b6755f,0.02,0.08,0.07,0.01,0,-0.03,-0.03,-0.03,0,0,1,0,0,0,0,0,0,0,0,0,0,0,0,0,1,,0.07,0.01,0
2025-09-07T18:42:46.206000Z,2e702754-12da-4677-8056-3f6240b6755f,0.02,0.08,-0.06,-0.04,0,0,-0.05,-0.02,0,0,1,0,0,0,0,0,0,0,0,0,0,0,0,0,1,,-0.06,-0.04,0
2025-09-07T18:42:46.236000Z,2e702754-12da-4677-8056-3f6240b6755f,0.02,0.08,0.1,0.13,0,-0.08,-0.03,-0.02,0,0,1,0,0,0,0,0,0,0,0,0,0,0,0,0,1,,0.1,0.13,0
2025-09-07T18:42:46.243000Z,2e702754-12da-4677-8056-3f6240b6755f,0.01,0.08,-0.11,-0.07,0,-0.03,-0.02,0.05,0,0,1,0,0,0,0,0,0,0,0,0,0,0,0,0,1,,-0.11,-0.07,0
2025-09-07T18:42:46.269000Z,2e702754-12da-4677-8056-3f6240b6755f,0.01,0.08,-0.04,0.17,0,0,0.02,0,0,0,1,0,0,0,0,0,0,0,0,0,0,0,0,0,1,,-0.04,0.17,0
2025-09-07T18:42:46.294000Z,2e702754-12da-4677-8056-3f6240b6755f,0.01,0.08,0.07,0.1,0,-0.06,0.05,0,0,0,1,0,0,0,0,0,0,0,0,0,0,0,0,0,1,,0.07,0.1,0
2025-09-07T18:42:46.309000Z,2e702754-12da-4677-8056-3f6240b6755f,0.01,0.08,-0.03,0.07,0,-0.03,0,0.03,0,0,1,0,0,0,0,0,0,0,0,0,0,0,0,0,1,,-0.03,0.07,0
2025-09-07T18:42:46.332000Z,2e702754-12da-4677-8056-3f6240b6755f,0.02,0.08,0.1,0.07,0,0.02,0,-0.02,0,0,1,0,0,0,0,0,0,0,0,0,0,0,0,0,1,,0.1,0.07,0
2025-09-07T18:42:46.355000Z,2e702754-12da-4677-8056-3f6240b6755f,0.02,0.08,0.01,0.1,0,0.03,-0.03,0,0,0,1,0,0,0,0,0,0,0,0,0,0,0,0,0,1,,0.01,0.1,0
2025-09-07T18:42:46.381000Z,2e702754-12da-4677-8056-3f6240b6755f,0.02,0.08,-0.03,0.04,0,-0.03,-0.02,0.02,0,0,1,0,0,0,0,0,0,0,0,0,0,0,0,0,1,,-0.03,0.04,0
2025-09-07T18:42:46.418000Z,2e702754-12da-4677-8056-3f6240b6755f,0.02,0.08,0.03,0.14,0,0.03,-0.05,0.03,0,0,1,0,0,0,0,0,0,0,0,0,0,0,0,0,1,,0.03,0.14,0
2025-09-07T18:42:46.419000Z,2e702754-12da-4677-8056-3f6240b6755f,0.01,0.07,-0.01,0.01,0,-0.03,-0.05,0.02,0,0,1,0,0,0,0,0,0,0,0,0,0,0,0,0,1,,-0.01,0.01,0
2025-09-07T18:42:46.439000Z,2e702754-12da-4677-8056-3f6240b6755f,0.02,0.07,0,0.07,0,-0.03,-0.05,0.06,0,0,1,0,0,0,0,0,0,0,0,0,0,0,0,0,1,,0,0.07,0
2025-09-07T18:42:46.463000Z,2e702754-12da-4677-8056-3f6240b6755f,0.01,0.07,0.04,0.07,0,-0.03,-0.02,-0.02,0,0,1,0,0,0,0,0,0,0,0,0,0,0,0,0,1,,0.04,0.07,0
2025-09-07T18:42:46.488000Z,2e702754-12da-4677-8056-3f6240b6755f,0.01,0.08,-0.07,0.14,0,-0.02,0,0.03,0,0,1,0,0,0,0,0,0,0,0,0,0,0,0,0,1,,-0.07,0.14,0
2025-09-07T18:42:46.507000Z,2e702754-12da-4677-8056-3f6240b6755f,0.01,0.08,0.1,0.18,0,-0.06,0.03,0,0,0,1,0,0,0,0,0,0,0,0,0,0,0,0,0,1,,0.1,0.18,0
2025-09-07T18:42:46.535000Z,2e702754-12da-4677-8056-3f6240b6755f,0.01,0.08,-0.01,-0.01,0,-0.02,-0.05,0,0,0,1,0,0,0,0,0,0,0,0,0,0,0,0,0,1,,-0.01,-0.01,0
2025-09-07T18:42:46.556000Z,2e702754-12da-4677-8056-3f6240b6755f,0.01,0.09,0.07,0.29,0,-0.02,0.02,0,-0.01,0,1,0,0,0,0,0,0,0,0,0,0,0,0,0,1,,0.07,0.29,0
2025-09-07T18:42:46.569000Z,2e702754-12da-4677-8056-3f6240b6755f,0.01,0.09,-0.04,-0.01,0,-0.03,-0.02,0,0,0,1,0,0,0,0,0,0,0,0,0,0,0,0,0,1,,-0.04,-0.01,0
2025-09-07T18:42:46.596000Z,2e702754-12da-4677-8056-3f6240b6755f,0.01,0.09,-0.01,0.21,0,-0.02,-0.03,0.03,0,0,1,0,0,0,0,0,0,0,0,0,0,0,0,0,1,,-0.01,0.21,0
2025-09-07T18:42:46.611000Z,2e702754-12da-4677-8056-3f6240b6755f,0.01,0.09,0,0.01,0,0,-0.03,-0.03,0,0,1,0,0,0,0,0,0,0,0,0,0,0,0,0,1,,0,0.01,0
2025-09-07T18:42:46.640000Z,2e702754-12da-4677-8056-3f6240b6755f,0,0.09,-0.13,0.08,0,0.03,-0.06,0.03,0,0,1,0,0,0,0,0,0,0,0,0,0,0,0,0,1,,-0.13,0.08,0
2025-09-07T18:42:46.652000Z,2e702754-12da-4677-8056-3f6240b6755f,0,0.08,-0.01,0.01,0,-0.05,0,0,0,0,1,0,0,0,0,0,0,0,0,0,0,0,0,0,1,,-0.01,0.01,0
2025-09-07T18:42:46.670000Z,2e702754-12da-4677-8056-3f6240b6755f,-0.01,0.08,-0.03,-0.01,0,-0.02,0.03,0.03,0,0,1,0,0,0,0,0,0,0,0,0,0,0,0,0,1,,-0.03,-0.01,0
2025-09-07T18:42:46.697000Z,2e702754-12da-4677-8056-3f6240b6755f,-0.01,0.08,-0.13,0.15,0,-0.05,0.02,0.02,0,0,1,0,0,0,0,0,0,0,0,0,0,0,0,0,1,,-0.13,0.15,0
2025-09-07T18:42:46.720000Z,2e702754-12da-4677-8056-3f6240b6755f,-0.01,0.09,0.03,0.1,0,-0.03,-0.02,0.03,0,0,1,0,0,0,0,0,0,0,0,0,0,0,0,0,1,,0.03,0.1,0
2025-09-07T18:42:46.734000Z,2e702754-12da-4677-8056-3f6240b6755f,-0.01,0.09,-0.07,0.17,0,-0.06,-0.02,0.02,0,0,1,0,0,0,0,0,0,0,0,0,0,0,0,0,1,,-0.07,0.17,0
2025-09-07T18:42:46.760000Z,2e702754-12da-4677-8056-3f6240b6755f,-0.01,0.1,-0.06,0.13,0,-0.09,-0.05,0.02,0,0,1,0,0,0,0,0,0,0,0,0,0,0,0,0,1,,-0.06,0.13,0
2025-09-07T18:42:46.786000Z,2e702754-12da-4677-8056-3f6240b6755f,-0.02,0.09,0.01,0.03,0,0.03,0,0.03,0,0,1,0,0,0,0,0,0,0,0,0,0,0,0,0,1,,0.01,0.03,0
2025-09-07T18:42:46.804000Z,2e702754-12da-4677-8056-3f6240b6755f,-0.02,0.09,0.01,-0.03,0,-0.02,-0.05,0.03,0,0,1,0,0,0,0,0,0,0,0,0,0,0,0,0,1,,0.01,-0.03,0
2025-09-07T18:42:46.829000Z,2e702754-12da-4677-8056-3f6240b6755f,-0.01,0.09,0.03,0.1,0,0.02,0.02,0.05,0,0,1,0,0,0,0,0,0,0,0,0,0,0,0,0,1,,0.03,0.1,0
2025-09-07T18:42:46.852000Z,2e702754-12da-4677-8056-3f6240b6755f,0,0.07,0.11,-0.03,0,0.02,0,-0.03,0,0,1,0,0,0,0,0,0,0,0,0,0,0,0,0,1,,0.11,-0.03,0
2025-09-07T18:42:46.872000Z,2e702754-12da-4677-8056-3f6240b6755f,0,0.08,-0.11,0.06,0,0,-0.03,0.06,0,0,1,0,0,0,0,0,0,0,0,0,0,0,0,0,1,,-0.11,0.06,0
2025-09-07T18:42:46.894000Z,2e702754-12da-4677-8056-3f6240b6755f,-0.01,0.07,0,0.14,0,0.02,0.03,0.05,0,0,1,0,0,0,0,0,0,0,0,0,0,0,0,0,1,,0,0.14,0
2025-09-07T18:42:46.924000Z,2e702754-12da-4677-8056-3f6240b6755f,-0.01,0.08,-0.01,-0.01,0,0.02,-0.08,0.03,0,0,1,0,0,0,0,0,0,0,0,0,0,0,0,0,1,,-0.01,-0.01,0
2025-09-07T18:42:46.944000Z,2e702754-12da-4677-8056-3f6240b6755f,-0.01,0.08,-0.03,0.15,0,-0.02,-0.09,0,0,0,1,0,0,0,0,0,0,0,0,0,0,0,0,0,1,,-0.03,0.15,0
2025-09-07T18:42:46.964000Z,2e702754-12da-4677-8056-3f6240b6755f,-0.01,0.07,0.03,0,0,0,-0.02,0.02,0,0,1,0,0,0,0,0,0,0,0,0,0,0,0,0,1,,0.03,0,0
2025-09-07T18:42:46.987000Z,2e702754-12da-4677-8056-3f6240b6755f,0,0.08,0.01,0.03,0,0.02,-0.05,0.02,0,0,1,0,0,0,0,0,0,0,0,0,0,0,0,0,1,,0.01,0.03,0
2025-09-07T18:42:47.006000Z,2e702754-12da-4677-8056-3f6240b6755f,0,0.08,-0.06,0.11,0,-0.06,-0.03,-0.03,0,0,1,0,0,0,0,0,0,0,0,0,0,0,0,0,1,,-0.06,0.11,0
2025-09-07T18:42:47.027000Z,2e702754-12da-4677-8056-3f6240b6755f,0,0.08,0.08,0.01,0,-0.03,-0.06,0.02,0,0,1,0,0,0,0,0,0,0,0,0,0,0,0,0,1,,0.08,0.01,0
2025-09-07T18:42:47.053000Z,2e702754-12da-4677-8056-3f6240b6755f,0,0.07,-0.04,0.01,0,-0.02,-0.02,0.03,0,0,1,0,0,0,0,0,0,0,0,0,0,0,0,0,1,,-0.04,0.01,0
2025-09-07T18:42:47.075000Z,2e702754-12da-4677-8056-3f6240b6755f,0,0.07,-0.06,0.06,0,-0.02,0.02,-0.02,0,0,1,0,0,0,0,0,0,0,0,0,0,0,0,0,1,,-0.06,0.06,0
2025-09-07T18:42:47.097000Z,2e702754-12da-4677-8056-3f6240b6755f,0,0.08,0.08,0.2,0,-0.02,-0.06,-0.06,0,0,1,0,0,0,0,0,0,0,0,0,0,0,0,0,1,,0.08,0.2,0
2025-09-07T18:42:47.126000Z,2e702754-12da-4677-8056-3f6240b6755f,-0.01,0.08,-0.08,0.01,0,-0.03,-0.06,-0.03,0,0,1,0,0,0,0,0,0,0,0,0,0,0,0,0,1,,-0.08,0.01,0
2025-09-07T18:42:47.143000Z,2e702754-12da-4677-8056-3f6240b6755f,0,0.07,0.06,0.08,0,0.02,-0.03,0.03,0,0,1,0,0,0,0,0,0,0,0,0,0,0,0,0,1,,0.06,0.08,0
2025-09-07T18:42:47.163000Z,2e702754-12da-4677-8056-3f6240b6755f,-0.01,0.07,-0.01,0.04,0,-0.05,-0.03,-0.03,0,0,1,0,0,0,0,0,0,0,0,0,0,0,0,0,1,,-0.01,0.04,0
2025-09-07T18:42:47.184000Z,2e702754-12da-4677-8056-3f6240b6755f,0,0.07,0.04,0.14,0,-0.05,-0.06,0.02,0,0,1,0,0,0,0,0,0,0,0,0,0,0,0,0,1,,0.04,0.14,0
2025-09-07T18:42:47.209000Z,2e702754-12da-4677-8056-3f6240b6755f,0,0.07,0.07,0.08,0,-0.06,-0.05,-0.02,0,0,1,0,0,0,0,0,0,0,0,0,0,0,0,0,1,,0.07,0.08,0
2025-09-07T18:42:47.228000Z,2e702754-12da-4677-8056-3f6240b6755f,0,0.08,0.01,0.17,0,0,0,0.03,0,0,1,0,0,0,0,0,0,0,0,0,0,0,0,0,1,,0.01,0.17,0
2025-09-07T18:42:47.261000Z,2e702754-12da-4677-8056-3f6240b6755f,0.01,0.07,0.1,0.08,0,0,-0.02,0.02,0,0,1,0,0,0,0,0,0,0,0,0,0,0,0,0,1,,0.1,0.08,0
2025-09-07T18:42:47.275000Z,2e702754-12da-4677-8056-3f6240b6755f,0.01,0.07,-0.03,0.08,0,-0.02,-0.02,0.02,0,0,1,0,0,0,0,0,0,0,0,0,0,0,0,0,1,,-0.03,0.08,0
2025-09-07T18:42:47.299000Z,2e702754-12da-4677-8056-3f6240b6755f,0,0.07,-0.13,0.07,0,-0.02,0,-0.02,0,0,1,0,0,0,0,0,0,0,0,0,0,0,0,0,1,,-0.13,0.07,0
2025-09-07T18:42:47.315000Z,2e702754-12da-4677-8056-3f6240b6755f,0,0.07,-0.04,0.08,0,-0.03,-0.03,0.05,0,0,1,0,0,0,0,0,0,0,0,0,0,0,0,0,1,,-0.04,0.08,0
2025-09-07T18:42:47.335000Z,2e702754-12da-4677-8056-3f6240b6755f,-0.01,0.07,-0.01,0.18,0,-0.03,0,0.05,0,0,1,0,0,0,0,0,0,0,0,0,0,0,0,0,1,,-0.01,0.18,0
2025-09-07T18:42:47.364000Z,2e702754-12da-4677-8056-3f6240b6755f,-0.01,0.08,-0.08,0,0,-0.03,0.02,-0.02,0,0,1,0,0,0,0,0,0,0,0,0,0,0,0,0,1,,-0.08,0,0
2025-09-07T18:42:47.380000Z,2e702754-12da-4677-8056-3f6240b6755f,-0.01,0.08,0.04,0.11,0,-0.02,-0.03,0.02,0,0,1,0,0,0,0,0,0,0,0,0,0,0,0,0,1,,0.04,0.11,0
2025-09-07T18:42:47.399000Z,2e702754-12da-4677-8056-3f6240b6755f,-0.01,0.08,-0.03,-0.08,0,-0.02,0,0,0,0,1,0,0,0,0,0,0,0,0,0,0,0,0,0,1,,-0.03,-0.08,0
2025-09-07T18:42:47.428000Z,2e702754-12da-4677-8056-3f6240b6755f,0,0.08,0.11,0.26,0,0,-0.02,0.05,0,0,1,0,0,0,0,0,0,0,0,0,0,0,0,0,1,,0.11,0.26,0
2025-09-07T18:42:47.468000Z,2e702754-12da-4677-8056-3f6240b6755f,0,0.08,-0.01,-0.01,0,-0.06,-0.02,0,0,0,1,0,0,0,0,0,0,0,0,0,0,0,0,0,1,,-0.01,-0.01,0
2025-09-07T18:42:47.469000Z,2e702754-12da-4677-8056-3f6240b6755f,0,0.09,-0.06,0.14,0,-0.03,-0.06,0.03,0,0,1,0,0,0,0,0,0,0,0,0,0,0,0,0,1,,-0.06,0.14,0
2025-09-07T18:42:47.492000Z,2e702754-12da-4677-8056-3f6240b6755f,0,0.09,0.07,0.07,0,-0.03,0.02,0.05,0,0,1,0,0,0,0,0,0,0,0,0,0,0,0,0,1,,0.07,0.07,0
2025-09-07T18:42:47.505000Z,2e702754-12da-4677-8056-3f6240b6755f,0,0.09,-0.08,0.1,0,-0.02,-0.02,0.06,0,0,1,0,0,0,0,0,0,0,0,0,0,0,0,0,1,,-0.08,0.1,0
2025-09-07T18:42:47.526000Z,2e702754-12da-4677-8056-3f6240b6755f,0,0.09,0.03,0.17,0,-0.05,0.03,0,0,0,1,0,0,0,0,0,0,0,0,0,0,0,0,0,1,,0.03,0.17,0
2025-09-07T18:42:47.561000Z,2e702754-12da-4677-8056-3f6240b6755f,-0.01,0.09,0.01,-0.01,0,-0.06,-0.03,0.03,0,0,1,0,0,0,0,0,0,0,0,0,0,0,0,0,1,,0.01,-0.01,0
2025-09-07T18:42:47.574000Z,2e702754-12da-4677-8056-3f6240b6755f,0,0.09,0.03,0.14,0,-0.02,0,0.03,0,0,1,0,0,0,0,0,0,0,0,0,0,0,0,0,1,,0.03,0.14,0
2025-09-07T18:42:47.605000Z,2e702754-12da-4677-8056-3f6240b6755f,0,0.09,0.06,0.06,0,0.02,0.02,-0.02,0,0,1,0,0,0,0,0,0,0,0,0,0,0,0,0,1,,0.06,0.06,0
2025-09-07T18:42:47.617000Z,2e702754-12da-4677-8056-3f6240b6755f,0,0.09,-0.06,0.07,0,0,0.05,0.05,0,0,1,0,0,0,0,0,0,0,0,0,0,0,0,0,1,,-0.06,0.07,0
2025-09-07T18:42:47.642000Z,2e702754-12da-4677-8056-3f6240b6755f,0,0.09,0.11,0.06,0,-0.03,0,-0.03,0,0,1,0,0,0,0,0,0,0,0,0,0,0,0,0,1,,0.11,0.06,0
2025-09-07T18:42:47.674000Z,2e702754-12da-4677-8056-3f6240b6755f,0.01,0.09,0.08,0.13,0,-0.02,0,0.03,0,0,1,0,0,0,0,0,0,0,0,0,0,0,0,0,1,,0.08,0.13,0
2025-09-07T18:42:47.684000Z,2e702754-12da-4677-8056-3f6240b6755f,0.01,0.1,0.04,0.1,0,-0.05,-0.06,-0.02,0,0,1,0,0,0,0,0,0,0,0,0,0,0,0,0,1,,0.04,0.1,0
2025-09-07T18:42:47.706000Z,2e702754-12da-4677-8056-3f6240b6755f,0.01,0.09,0,0.03,0,-0.03,-0.06,0.03,0,0,1,0,0,0,0,0,0,0,0,0,0,0,0,0,1,,0,0.03,0
2025-09-07T18:42:47.731000Z,2e702754-12da-4677-8056-3f6240b6755f,0.01,0.09,-0.11,-0.01,0,-0.05,-0.03,0.03,0,0,1,0,0,0,0,0,0,0,0,0,0,0,0,0,1,,-0.11,-0.01,0
2025-09-07T18:42:47.747000Z,2e702754-12da-4677-8056-3f6240b6755f,0.01,0.08,0.06,0.06,0,0,-0.05,0.03,0,0,1,0,0,0,0,0,0,0,0,0,0,0,0,0,1,,0.06,0.06,0
2025-09-07T18:42:47.761000Z,2e702754-12da-4677-8056-3f6240b6755f,0,0.07,-0.07,0.01,0,-0.09,-0.02,0.02,0,0,1,0,0,0,0,0,0,0,0,0,0,0,0,0,1,,-0.07,0.01,0
2025-09-07T18:42:47.792000Z,2e702754-12da-4677-8056-3f6240b6755f,0,0.08,0.04,0.14,0,-0.02,0,0.08,0,0,1,0,0,0,0,0,0,0,0,0,0,0,0,0,1,,0.04,0.14,0
2025-09-07T18:42:47.810000Z,2e702754-12da-4677-8056-3f6240b6755f,0.01,0.07,0.07,0.03,0,-0.05,0.03,0.02,0,0,1,0,0,0,0,0,0,0,0,0,0,0,0,0,1,,0.07,0.03,0
2025-09-07T18:42:47.826000Z,2e702754-12da-4677-8056-3f6240b6755f,0,0.08,-0.07,0.15,0,-0.02,-0.02,0.02,0,0,1,0,0,0,0,0,0,0,0,0,0,0,0,0,1,,-0.07,0.15,0
2025-09-07T18:42:47.854000Z,2e702754-12da-4677-8056-3f6240b6755f,0,0.08,0.06,0.2,0,-0.03,0,0,0,0,1,0,0,0,0,0,0,0,0,0,0,0,0,0,1,,0.06,0.2,0
2025-09-07T18:42:47.890000Z,2e702754-12da-4677-8056-3f6240b6755f,0,0.08,-0.06,0.06,0,-0.03,-0.05,0,0,0,1,0,0,0,0,0,0,0,0,0,0,0,0,0,1,,-0.06,0.06,0
2025-09-07T18:42:47.900000Z,2e702754-12da-4677-8056-3f6240b6755f,0,0.09,0.04,0.25,0,-0.02,-0.06,0.02,0,0,1,0,0,0,0,0,0,0,0,0,0,0,0,0,1,,0.04,0.25,0
2025-09-07T18:42:47.913000Z,2e702754-12da-4677-8056-3f6240b6755f,0.01,0.08,0.13,-0.1,0,-0.02,-0.05,0.03,0,0,1,0,0,0,0,0,0,0,0,0,0,0,0,0,1,,0.13,-0.1,0
2025-09-07T18:42:47.946000Z,2e702754-12da-4677-8056-3f6240b6755f,0.01,0.08,-0.04,0.1,0,-0.02,-0.05,0.03,0,0,1,0,0,0,0,0,0,0,0,0,0,0,0,0,1,,-0.04,0.1,0
2025-09-07T18:42:47.958000Z,2e702754-12da-4677-8056-3f6240b6755f,0.01,0.08,-0.03,0,0,0.02,0,-0.02,0,0,1,0,0,0,0,0,0,0,0,0,0,0,0,0,1,,-0.03,0,0
2025-09-07T18:42:47.980000Z,2e702754-12da-4677-8056-3f6240b6755f,0.01,0.08,-0.01,0.03,0,0.03,-0.03,0.02,0,0,1,0,0,0,0,0,0,0,0,0,0,0,0,0,1,,-0.01,0.03,0
2025-09-07T18:42:48.000000Z,2e702754-12da-4677-8056-3f6240b6755f,0.01,0.07,-0.07,-0.07,0,0,0.02,0.02,0,0,1,0,0,0,0,0,0,0,0,0,0,0,0,0,1,,-0.07,-0.07,0
2025-09-07T18:42:48.016000Z,2e702754-12da-4677-8056-3f6240b6755f,0,0.06,-0.01,0,0,0,-0.06,0.06,0,0,1,0,0,0,0,0,0,0,0,0,0,0,0,0,1,,-0.01,0,0
2025-09-07T18:42:48.039000Z,2e702754-12da-4677-8056-3f6240b6755f,-0.01,0.06,-0.14,0,0,-0.03,0.03,0.02,0,0,1,0,0,0,0,0,0,0,0,0,0,0,0,0,1,,-0.14,0,0
2025-09-07T18:42:48.063000Z,2e702754-12da-4677-8056-3f6240b6755f,-0.01,0.06,0.04,0.11,0,0,0.05,0.02,0,0,1,0,0,0,0,0,0,0,0,0,0,0,0,0,1,,0.04,0.11,0
2025-09-07T18:42:48.083000Z,2e702754-12da-4677-8056-3f6240b6755f,-0.01,0.06,-0.11,0,0,-0.03,-0.03,0,0,0,1,0,0,0,0,0,0,0,0,0,0,0,0,0,1,,-0.11,0,0
2025-09-07T18:42:48.100000Z,2e702754-12da-4677-8056-3f6240b6755f,-0.01,0.07,-0.04,0.18,0,-0.03,-0.03,0.05,0,0,1,0,0,0,0,0,0,0,0,0,0,0,0,0,1,,-0.04,0.18,0
2025-09-07T18:42:48.127000Z,2e702754-12da-4677-8056-3f6240b6755f,-0.01,0.07,0.03,0.06,0,-0.06,0,0.02,0,0,1,0,0,0,0,0,0,0,0,0,0,0,0,0,1,,0.03,0.06,0
2025-09-07T18:42:48.144000Z,2e702754-12da-4677-8056-3f6240b6755f,-0.01,0.07,0,0.08,0,-0.02,-0.06,0.05,0,0,1,0,0,0,0,0,0,0,0,0,0,0,0,0,1,,0,0.08,0
2025-09-07T18:42:48.167000Z,2e702754-12da-4677-8056-3f6240b6755f,0,0.07,0.13,0.15,0,-0.02,-0.02,0,0,0,1,0,0,0,0,0,0,0,0,0,0,0,0,0,1,,0.13,0.15,0
2025-09-07T18:42:48.195000Z,2e702754-12da-4677-8056-3f6240b6755f,0,0.08,0.03,0.01,0,-0.02,-0.09,0.02,0,0,1,0,0,0,0,0,0,0,0,0,0,0,0,0,1,,0.03,0.01,0
2025-09-07T18:42:48.210000Z,2e702754-12da-4677-8056-3f6240b6755f,0,0.07,-0.01,0.11,0,-0.03,0.02,-0.02,0,0,1,0,0,0,0,0,0,0,0,0,0,0,0,0,1,,-0.01,0.11,0
2025-09-07T18:42:48.233000Z,2e702754-12da-4677-8056-3f6240b6755f,0,0.07,0.04,0.01,0,-0.02,0.02,-0.02,0,0,1,0,0,0,0,0,0,0,0,0,0,0,0,0,1,,0.04,0.01,0
2025-09-07T18:42:48.253000Z,2e702754-12da-4677-8056-3f6240b6755f,0,0.08,-0.07,0.11,0,0,-0.02,0.05,0,0,1,0,0,0,0,0,0,0,0,0,0,0,0,0,1,,-0.07,0.11,0
2025-09-07T18:42:48.277000Z,2e702754-12da-4677-8056-3f6240b6755f,0,0.07,-0.06,0,0,0,0.03,0.03,0,0,1,0,0,0,0,0,0,0,0,0,0,0,0,0,1,,-0.06,0,0
2025-09-07T18:42:48.295000Z,2e702754-12da-4677-8056-3f6240b6755f,-0.01,0.07,-0.01,0.11,0,0,0,0.05,0,0,1.01,0,0,0,0,0,0,0,0,0,0,0,0,0,1,,-0.01,0.11,0
2025-09-07T18:42:48.317000Z,2e702754-12da-4677-8056-3f6240b6755f,-0.01,0.07,-0.08,0.11,0,-0.03,0.03,0,0,0,1,0,0,0,0,0,0,0,0,0,0,0,0,0,1,,-0.08,0.11,0
2025-09-07T18:42:48.344000Z,2e702754-12da-4677-8056-3f6240b6755f,0,0.08,0.11,0.15,0,-0.03,-0.02,0.03,0,0,1,0,0,0,0,0,0,0,0,0,0,0,0,0,1,,0.11,0.15,0
2025-09-07T18:42:48.361000Z,2e702754-12da-4677-8056-3f6240b6755f,0,0.08,0.1,0.15,0,-0.02,-0.03,-0.03,0,0,1,0,0,0,0,0,0,0,0,0,0,0,0,0,1,,0.1,0.15,0
2025-09-07T18:42:48.385000Z,2e702754-12da-4677-8056-3f6240b6755f,0.01,0.09,-0.04,0.08,0,-0.02,-0.02,0.03,0,0,1,0,0,0,0,0,0,0,0,0,0,0,0,0,1,,-0.04,0.08,0
2025-09-07T18:42:48.406000Z,2e702754-12da-4677-8056-3f6240b6755f,0.01,0.09,0.03,0.13,0,0,-0.03,0,0,0,1,0,0,0,0,0,0,0,0,0,0,0,0,0,1,,0.03,0.13,0
2025-09-07T18:42:48.428000Z,2e702754-12da-4677-8056-3f6240b6755f,0,0.08,-0.07,-0.03,0,-0.02,-0.03,0.03,0,0,1,0,0,0,0,0,0,0,0,0,0,0,0,0,1,,-0.07,-0.03,0
2025-09-07T18:42:48.452000Z,2e702754-12da-4677-8056-3f6240b6755f,0,0.08,0.03,0.21,0,0,-0.06,0.02,0,0,1,0,0,0,0,0,0,0,0,0,0,0,0,0,1,,0.03,0.21,0
2025-09-07T18:42:48.469000Z,2e702754-12da-4677-8056-3f6240b6755f,0,0.08,-0.04,-0.01,0,-0.03,-0.02,-0.02,0,0,1,0,0,0,0,0,0,0,0,0,0,0,0,0,1,,-0.04,-0.01,0
2025-09-07T18:42:48.488000Z,2e702754-12da-4677-8056-3f6240b6755f,0,0.08,-0.04,0.14,0,-0.03,-0.02,0.03,0,0,1,0,0,0,0,0,0,0,0,0,0,0,0,0,1,,-0.04,0.14,0
2025-09-07T18:42:48.511000Z,2e702754-12da-4677-8056-3f6240b6755f,0,0.08,0.01,-0.01,0,-0.02,-0.03,0,0,0,1,0,0,0,0,0,0,0,0,0,0,0,0,0,1,,0.01,-0.01,0
2025-09-07T18:42:48.536000Z,2e702754-12da-4677-8056-3f6240b6755f,-0.01,0.08,-0.11,0.01,0,0.03,0,0.05,0,0,1,0,0,0,0,0,0,0,0,0,0,0,0,0,1,,-0.11,0.01,0
2025-09-07T18:42:48.564000Z,2e702754-12da-4677-8056-3f6240b6755f,-0.01,0.07,-0.04,0.07,0,-0.05,-0.02,0.02,0,0,1,0,0,0,0,0,0,0,0,0,0,0,0,0,1,,-0.04,0.07,0
2025-09-07T18:42:48.582000Z,2e702754-12da-4677-8056-3f6240b6755f,-0.01,0.08,-0.01,0.13,0,-0.03,-0.02,0,0,0,1,0,0,0,0,0,0,0,0,0,0,0,0,0,1,,-0.01,0.13,0
2025-09-07T18:42:48.602000Z,2e702754-12da-4677-8056-3f6240b6755f,-0.01,0.08,0.01,0.07,0,-0.06,0.02,0,0,0,1,0,0,0,0,0,0,0,0,0,0,0,0,0,1,,0.01,0.07,0
2025-09-07T18:42:48.619000Z,2e702754-12da-4677-8056-3f6240b6755f,-0.01,0.08,0.03,0.15,0,0.02,-0.03,0.05,0,0,1,0,0,0,0,0,0,0,0,0,0,0,0,0,1,,0.03,0.15,0
2025-09-07T18:42:48.646000Z,2e702754-12da-4677-8056-3f6240b6755f,-0.01,0.08,0.01,0.04,0,0.05,0.02,0,0,0,1,0,0,0,0,0,0,0,0,0,0,0,0,0,1,,0.01,0.04,0
2025-09-07T18:42:48.664000Z,2e702754-12da-4677-8056-3f6240b6755f,0,0.08,0,0,0,-0.02,-0.03,0,0,0,1,0,0,0,0,0,0,0,0,0,0,0,0,0,1,,0,0,0
2025-09-07T18:42:48.687000Z,2e702754-12da-4677-8056-3f6240b6755f,0,0.08,0.07,0.17,0,0,0.02,0.02,0,0,1,0,0,0,0,0,0,0,0,0,0,0,0,0,1,,0.07,0.17,0
2025-09-07T18:42:48.725000Z,2e702754-12da-4677-8056-3f6240b6755f,0,0.07,0.01,-0.01,0,-0.02,0,-0.05,0,0,1,0,0,0,0,0,0,0,0,0,0,0,0,0,1,,0.01,-0.01,0
2025-09-07T18:42:48.736000Z,2e702754-12da-4677-8056-3f6240b6755f,0,0.08,-0.01,0.2,0,0,-0.05,0,0,0,1,0,0,0,0,0,0,0,0,0,0,0,0,0,1,,-0.01,0.2,0
2025-09-07T18:42:48.754000Z,2e702754-12da-4677-8056-3f6240b6755f,0,0.08,0.1,0.03,0,0.02,0.02,0,0,0,1,0,0,0,0,0,0,0,0,0,0,0,0,0,1,,0.1,0.03,0
2025-09-07T18:42:48.777000Z,2e702754-12da-4677-8056-3f6240b6755f,0.01,0.08,0,0.14,0,0.02,-0.02,0.03,0,0,1,0,0,0,0,0,0,0,0,0,0,0,0,0,1,,0,0.14,0
2025-09-07T18:42:48.797000Z,2e702754-12da-4677-8056-3f6240b6755f,0.01,0.08,0.14,0.1,0,0.02,0.02,-0.05,0,0,1,0,0,0,0,0,0,0,0,0,0,0,0,0,1,,0.14,0.1,0
2025-09-07T18:42:48.820000Z,2e702754-12da-4677-8056-3f6240b6755f,0.01,0.08,-0.04,-0.03,0,0,-0.02,0.03,0,0,1,0,0,0,0,0,0,0,0,0,0,0,0,0,1,,-0.04,-0.03,0
2025-09-07T18:42:48.852000Z,2e702754-12da-4677-8056-3f6240b6755f,0.01,0.08,-0.08,0.18,0,0.02,-0.06,0.02,0,0,1,0,0,0,0,0,0,0,0,0,0,0,0,0,1,,-0.08,0.18,0
2025-09-07T18:42:48.879000Z,2e702754-12da-4677-8056-3f6240b6755f,0.01,0.09,-0.04,0.06,0,-0.03,-0.03,-0.03,0,0,1,0,0,0,0,0,0,0,0,0,0,0,0,0,1,,-0.04,0.06,0
2025-09-07T18:42:48.891000Z,2e702754-12da-4677-8056-3f6240b6755f,0,0.09,-0.06,0.13,0,-0.03,-0.05,0.02,0,0,1,0,0,0,0,0,0,0,0,0,0,0,0,0,1,,-0.06,0.13,0
2025-09-07T18:42:48.914000Z,2e702754-12da-4677-8056-3f6240b6755f,0,0.09,0.07,0.07,0,-0.03,-0.02,0,0,0,1,0,0,0,0,0,0,0,0,0,0,0,0,0,1,,0.07,0.07,0
2025-09-07T18:42:48.935000Z,2e702754-12da-4677-8056-3f6240b6755f,0,0.09,0.03,0.06,0,0,-0.02,0,0,0,1,0,0,0,0,0,0,0,0,0,0,0,0,0,1,,0.03,0.06,0
2025-09-07T18:42:48.959000Z,2e702754-12da-4677-8056-3f6240b6755f,0,0.08,0,0.06,0,0,-0.03,-0.02,0,0,1,0,0,0,0,0,0,0,0,0,0,0,0,0,1,,0,0.06,0
2025-09-07T18:42:48.977000Z,2e702754-12da-4677-8056-3f6240b6755f,0.01,0.08,0.11,0.06,0,0.03,-0.03,0.05,0,0,1,0,0,0,0,0,0,0,0,0,0,0,0,0,1,,0.11,0.06,0
2025-09-07T18:42:48.997000Z,2e702754-12da-4677-8056-3f6240b6755f,0.01,0.07,0,-0.08,0,-0.05,0,0.02,0,0,1,0,0,0,0,0,0,0,0,0,0,0,0,0,1,,0,-0.08,0
2025-09-07T18:42:49.017000Z,2e702754-12da-4677-8056-3f6240b6755f,0.01,0.07,-0.07,0.1,0,-0.03,-0.03,0.02,0,0,1,0,0,0,0,0,0,0,0,0,0,0,0,0,1,,-0.07,0.1,0
2025-09-07T18:42:49.048000Z,2e702754-12da-4677-8056-3f6240b6755f,0.01,0.07,0.04,0.01,0,-0.03,0,0,0,0,1,0,0,0,0,0,0,0,0,0,0,0,0,0,1,,0.04,0.01,0
2025-09-07T18:42:49.058000Z,2e702754-12da-4677-8056-3f6240b6755f,0.02,0.07,-0.01,0.03,0,-0.02,-0.08,0.05,0,0,1,0,0,0,0,0,0,0,0,0,0,0,0,0,1,,-0.01,0.03,0
2025-09-07T18:42:49.081000Z,2e702754-12da-4677-8056-3f6240b6755f,0.02,0.06,0.11,0.1,0,0.02,0.02,0.02,0,0,1,0,0,0,0,0,0,0,0,0,0,0,0,0,1,,0.11,0.1,0
2025-09-07T18:42:49.103000Z,2e702754-12da-4677-8056-3f6240b6755f,0.03,0.06,0.04,-0.03,0,-0.02,-0.02,0,0,0,1,0,0,0,0,0,0,0,0,0,0,0,0,0,1,,0.04,-0.03,0
2025-09-07T18:42:49.126000Z,2e702754-12da-4677-8056-3f6240b6755f,0.03,0.07,0.06,0.21,0,-0.03,-0.05,0.05,0,0,1,0,0,0,0,0,0,0,0,0,0,0,0,0,1,,0.06,0.21,0
2025-09-07T18:42:49.157000Z,2e702754-12da-4677-8056-3f6240b6755f,0.03,0.06,0.06,-0.08,0,-0.03,-0.02,-0.02,0,0,1,0,0,0,0,0,0,0,0,0,0,0,0,0,1,,0.06,-0.08,0
2025-09-07T18:42:49.169000Z,2e702754-12da-4677-8056-3f6240b6755f,0.03,0.07,0.01,0.21,0,0,-0.02,0.02,0,0,1,0,0,0,0,0,0,0,0,0,0,0,0,0,1,,0.01,0.21,0
2025-09-07T18:42:49.191000Z,2e702754-12da-4677-8056-3f6240b6755f,0.03,0.07,-0.03,0.14,0,0.03,0.02,0.02,0,0,1,0,0,0,0,0,0,0,0,0,0,0,0,0,1,,-0.03,0.14,0
2025-09-07T18:42:49.217000Z,2e702754-12da-4677-8056-3f6240b6755f,0.02,0.08,-0.03,0.07,0,0,-0.05,0.02,0,0,1,0,0,0,0,0,0,0,0,0,0,0,0,0,1,,-0.03,0.07,0
2025-09-07T18:42:49.238000Z,2e702754-12da-4677-8056-3f6240b6755f,0.02,0.08,-0.01,0.15,0,-0.02,0,-0.03,0,0,1,0,0,0,0,0,0,0,0,0,0,0,0,0,1,,-0.01,0.15,0
2025-09-07T18:42:49.261000Z,2e702754-12da-4677-8056-3f6240b6755f,0.02,0.08,0.04,0.14,0,0,0,0,0,0,1,0,0,0,0,0,0,0,0,0,0,0,0,0,1,,0.04,0.14,0
2025-09-07T18:42:49.280000Z,2e702754-12da-4677-8056-3f6240b6755f,0.02,0.09,-0.03,0.18,0,0,-0.06,-0.03,0,0,1,0,0,0,0,0,0,0,0,0,0,0,0,0,1,,-0.03,0.18,0
2025-09-07T18:42:49.301000Z,2e702754-12da-4677-8056-3f6240b6755f,0.02,0.09,0.06,0.15,0,0,0,-0.02,0,0,1,0,0,0,0,0,0,0,0,0,0,0,0,0,1,,0.06,0.15,0
2025-09-07T18:42:49.321000Z,2e702754-12da-4677-8056-3f6240b6755f,0.02,0.09,0.03,0.07,0,0,-0.03,0,0,0,1,0,0,0,0,0,0,0,0,0,0,0,0,0,1,,0.03,0.07,0
2025-09-07T18:42:49.348000Z,2e702754-12da-4677-8056-3f6240b6755f,0.02,0.09,-0.08,-0.03,0,-0.02,-0.02,0.02,0,0,1,0,0,0,0,0,0,0,0,0,0,0,0,0,1,,-0.08,-0.03,0
2025-09-07T18:42:49.378000Z,2e702754-12da-4677-8056-3f6240b6755f,0.02,0.09,0.1,0.11,0,0,0.05,0.05,0,0,1,0,0,0,0,0,0,0,0,0,0,0,0,0,1,,0.1,0.11,0
2025-09-07T18:42:49.391000Z,2e702754-12da-4677-8056-3f6240b6755f,0.02,0.09,-0.04,0,0,-0.06,-0.02,0.03,0,0,1,0,0,0,0,0,0,0,0,0,0,0,0,0,1,,-0.04,0,0
2025-09-07T18:42:49.421000Z,2e702754-12da-4677-8056-3f6240b6755f,0.02,0.09,0.03,0.14,0,0,0.02,0.05,0,0,1,0,0,0,0,0,0,0,0,0,0,0,0,0,1,,0.03,0.14,0
2025-09-07T18:42:49.435000Z,2e702754-12da-4677-8056-3f6240b6755f,0.02,0.08,0.06,-0.01,0,-0.03,-0.02,-0.02,0,0,1,0,0,0,0,0,0,0,0,0,0,0,0,0,1,,0.06,-0.01,0
2025-09-07T18:42:49.459000Z,2e702754-12da-4677-8056-3f6240b6755f,0.02,0.09,-0.03,0.11,0,-0.05,-0.03,0.05,0,0,1,0,0,0,0,0,0,0,0,0,0,0,0,0,1,,-0.03,0.11,0
2025-09-07T18:42:49.482000Z,2e702754-12da-4677-8056-3f6240b6755f,0.02,0.09,0.04,0.14,0,-0.03,0.03,0.02,0,0,1,0,0,0,0,0,0,0,0,0,0,0,0,0,1,,0.04,0.14,0
2025-09-07T18:42:49.514000Z,2e702754-12da-4677-8056-3f6240b6755f,0.02,0.09,0.06,0.06,0,-0.03,0.02,-0.02,0,0,1,0,0,0,0,0,0,0,0,0,0,0,0,0,1,,0.06,0.06,0
2025-09-07T18:42:49.528000Z,2e702754-12da-4677-8056-3f6240b6755f,0.01,0.09,-0.14,0.14,0,0,-0.02,0.05,0,0,1,0,0,0,0,0,0,0,0,0,0,0,0,0,1,,-0.14,0.14,0
2025-09-07T18:42:49.547000Z,2e702754-12da-4677-8056-3f6240b6755f,0.01,0.09,-0.06,0.07,0,0,0,-0.02,0,0,1,0,0,0,0,0,0,0,0,0,0,0,0,0,1,,-0.06,0.07,0
2025-09-07T18:42:49.563000Z,2e702754-12da-4677-8056-3f6240b6755f,0,0.09,-0.08,0.14,0,0.02,-0.02,0.03,0,0,1,0,0,0,0,0,0,0,0,0,0,0,0,0,1,,-0.08,0.14,0
2025-09-07T18:42:49.583000Z,2e702754-12da-4677-8056-3f6240b6755f,0,0.09,-0.06,-0.01,0,0,0,0.02,0,0,1,0,0,0,0,0,0,0,0,0,0,0,0,0,1,,-0.06,-0.01,0
2025-09-07T18:42:49.603000Z,2e702754-12da-4677-8056-3f6240b6755f,0,0.09,0.01,0.18,0,0.02,-0.03,0.03,0,0,1,0,0,0,0,0,0,0,0,0,0,0,0,0,1,,0.01,0.18,0
2025-09-07T18:42:49.627000Z,2e702754-12da-4677-8056-3f6240b6755f,0,0.09,-0.04,0.07,0,-0.08,0,0.02,0,0,1,0,0,0,0,0,0,0,0,0,0,0,0,0,1,,-0.04,0.07,0
2025-09-07T18:42:49.647000Z,2e702754-12da-4677-8056-3f6240b6755f,0,0.09,0.01,0.11,0,-0.02,0,0.03,0,0,1,0,0,0,0,0,0,0,0,0,0,0,0,0,1,,0.01,0.11,0
2025-09-07T18:42:49.669000Z,2e702754-12da-4677-8056-3f6240b6755f,-0.01,0.09,0.01,0.04,0,0,-0.02,-0.02,0,0,1,0,0,0,0,0,0,0,0,0,0,0,0,0,1,,0.01,0.04,0
2025-09-07T18:42:49.698000Z,2e702754-12da-4677-8056-3f6240b6755f,0,0.09,0.01,0.06,0,-0.03,-0.03,0.02,0,0,1,0,0,0,0,0,0,0,0,0,0,0,0,0,1,,0.01,0.06,0
2025-09-07T18:42:49.716000Z,2e702754-12da-4677-8056-3f6240b6755f,0,0.09,0.13,0.1,0,-0.06,-0.03,0.02,0,0,1,0,0,0,0,0,0,0,0,0,0,0,0,0,1,,0.13,0.1,0
2025-09-07T18:42:49.741000Z,2e702754-12da-4677-8056-3f6240b6755f,0,0.09,-0.04,0.01,0,-0.03,-0.05,0,0,0,1,0,0,0,0,0,0,0,0,0,0,0,0,0,1,,-0.04,0.01,0
2025-09-07T18:42:49.757000Z,2e702754-12da-4677-8056-3f6240b6755f,0.01,0.09,0.08,0.18,0,-0.02,-0.03,0.02,0,0,1,0,0,0,0,0,0,0,0,0,0,0,0,0,1,,0.08,0.18,0
2025-09-07T18:42:49.785000Z,2e702754-12da-4677-8056-3f6240b6755f,0.01,0.09,0.01,0.07,0,-0.05,-0.05,0.02,0,0,1,0,0,0,0,0,0,0,0,0,0,0,0,0,1,,0.01,0.07,0
2025-09-07T18:42:49.799000Z,2e702754-12da-4677-8056-3f6240b6755f,0,0.09,-0.01,0.18,0,-0.05,-0.03,0.05,0,0,1,0,0,0,0,0,0,0,0,0,0,0,0,0,1,,-0.01,0.18,0
2025-09-07T18:42:49.824000Z,2e702754-12da-4677-8056-3f6240b6755f,0,0.09,-0.01,0,0,-0.02,-0.02,0,0,0,1,0,0,0,0,0,0,0,0,0,0,0,0,0,1,,-0.01,0,0
2025-09-07T18:42:49.842000Z,2e702754-12da-4677-8056-3f6240b6755f,-0.01,0.08,-0.1,0.04,0,0.03,-0.05,0.02,0,0,1,0,0,0,0,0,0,0,0,0,0,0,0,0,1,,-0.1,0.04,0
2025-09-07T18:42:49.874000Z,2e702754-12da-4677-8056-3f6240b6755f,-0.01,0.08,-0.03,0.03,0,-0.02,-0.02,0.03,0,0,1,0,0,0,0,0,0,0,0,0,0,0,0,0,1,,-0.03,0.03,0
2025-09-07T18:42:49.897000Z,2e702754-12da-4677-8056-3f6240b6755f,-0.01,0.08,0.04,0.1,0,0.03,-0.02,0.03,0,0,1,0,0,0,0,0,0,0,0,0,0,0,0,0,1,,0.04,0.1,0
2025-09-07T18:42:49.912000Z,2e702754-12da-4677-8056-3f6240b6755f,-0.01,0.07,-0.08,0.03,0,-0.03,0.03,-0.03,0,0,1,0,0,0,0,0,0,0,0,0,0,0,0,0,1,,-0.08,0.03,0
2025-09-07T18:42:49.949000Z,2e702754-12da-4677-8056-3f6240b6755f,0,0.08,0.06,0.1,0,-0.03,0,0.03,0,0,1,0,0,0,0,0,0,0,0,0,0,0,0,0,1,,0.06,0.1,0
2025-09-07T18:42:49.976000Z,2e702754-12da-4677-8056-3f6240b6755f,0,0.08,0.11,0.11,0,-0.03,-0.02,0.05,0,0,1,0,0,0,0,0,0,0,0,0,0,0,0,0,1,,0.11,0.11,0
2025-09-07T18:42:49.990000Z,2e702754-12da-4677-8056-3f6240b6755f,0.01,0.08,-0.03,0.06,0,-0.06,0,0.03,0,0,1,0,0,0,0,0,0,0,0,0,0,0,0,0,1,,-0.03,0.06,0
2025-09-07T18:42:50.000000Z,2e702754-12da-4677-8056-3f6240b6755f,0,0.08,0.01,0.22,0,0,-0.02,0,0,0,1,0,0,0,0,0,0,0,0,0,0,0,0,0,1,,0.01,0.22,0
2025-09-07T18:42:50.037000Z,2e702754-12da-4677-8056-3f6240b6755f,0,0.08,-0.08,0,0,0,0,0,0,0,1,0,0,0,0,0,0,0,0,0,0,0,0,0,1,,-0.08,0,0
2025-09-07T18:42:50.040000Z,2e702754-12da-4677-8056-3f6240b6755f,0,0.09,-0.04,0.17,0,0,-0.06,0.03,0,0,1,0,0,0,0,0,0,0,0,0,0,0,0,0,1,,-0.04,0.17,0
2025-09-07T18:42:50.069000Z,2e702754-12da-4677-8056-3f6240b6755f,0,0.08,-0.01,-0.01,0,-0.02,-0.02,0,0,0,1,0,0,0,0,0,0,0,0,0,0,0,0,0,1,,-0.01,-0.01,0
2025-09-07T18:42:50.085000Z,2e702754-12da-4677-8056-3f6240b6755f,0,0.09,0.06,0.22,0,0.03,-0.05,0.06,0,0,1,0,0,0,0,0,0,0,0,0,0,0,0,0,1,,0.06,0.22,0
2025-09-07T18:42:50.114000Z,2e702754-12da-4677-8056-3f6240b6755f,0,0.08,0.06,0.03,0,-0.05,0.02,-0.03,0,0,1,0,0,0,0,0,0,0,0,0,0,0,0,0,1,,0.06,0.03,0
2025-09-07T18:42:50.125000Z,2e702754-12da-4677-8056-3f6240b6755f,0,0.09,-0.08,0.18,0,0.02,-0.06,0,0,0,1,0,0,0,0,0,0,0,0,0,0,0,0,0,1,,-0.08,0.18,0
2025-09-07T18:42:50.149000Z,2e702754-12da-4677-8056-3f6240b6755f,0,0.09,-0.04,0.21,0,-0.02,0,-0.02,0,0,1,0,0,0,0,0,0,0,0,0,0,0,0,0,1,,-0.04,0.21,0
2025-09-07T18:42:50.200000Z,2e702754-12da-4677-8056-3f6240b6755f,-0.01,0.1,0.08,0.1,0,-0.03,0,0,0,0,1,0,0,0,0,0,0,0,0,0,0,0,0,0,1,,0.08,0.1,0
2025-09-07T18:42:50.210000Z,2e702754-12da-4677-8056-3f6240b6755f,-0.01,0.1,-0.1,0.17,0,-0.06,-0.02,0,0,0,1,0,0,0,0,0,0,0,0,0,0,0,0,0,1,,-0.1,0.17,0
2025-09-07T18:42:50.220000Z,2e702754-12da-4677-8056-3f6240b6755f,0,0.1,0.11,0.03,0,-0.03,0.03,0,0,0,1,0,0,0,0,0,0,0,0,0,0,0,0,0,1,,0.11,0.03,0
2025-09-07T18:42:50.246000Z,2e702754-12da-4677-8056-3f6240b6755f,0,0.09,0.03,0.04,0,-0.03,-0.05,0.05,0,0,1,0,0,0,0,0,0,0,0,0,0,0,0,0,1,,0.03,0.04,0
2025-09-07T18:42:50.262000Z,2e702754-12da-4677-8056-3f6240b6755f,0,0.1,-0.01,0.18,0,-0.03,-0.08,0.02,0,0,1,0,0,0,0,0,0,0,0,0,0,0,0,0,1,,-0.01,0.18,0
2025-09-07T18:42:50.289000Z,2e702754-12da-4677-8056-3f6240b6755f,0,0.1,0.06,0.1,0,0,0.03,0.02,0,0,1,0,0,0,0,0,0,0,0,0,0,0,0,0,1,,0.06,0.1,0
2025-09-07T18:42:50.309000Z,2e702754-12da-4677-8056-3f6240b6755f,-0.01,0.09,-0.1,0.01,0,-0.02,0,0.03,0,0,1,0,0,0,0,0,0,0,0,0,0,0,0,0,1,,-0.1,0.01,0
2025-09-07T18:42:50.321000Z,2e702754-12da-4677-8056-3f6240b6755f,-0.01,0.1,0.01,0.25,0,0.02,0,0.02,0,0,1,0,0,0,0,0,0,0,0,0,0,0,0,0,1,,0.01,0.25,0
2025-09-07T18:42:50.345000Z,2e702754-12da-4677-8056-3f6240b6755f,-0.01,0.1,-0.08,0.1,0,-0.03,0,0.05,0,0,1,0,0,0,0,0,0,0,0,0,0,0,0,0,1,,-0.08,0.1,0
2025-09-07T18:42:50.363000Z,2e702754-12da-4677-8056-3f6240b6755f,-0.01,0.11,-0.04,0.15,0,-0.02,0,0.05,0,0,1,0,0,0,0,0,0,0,0,0,0,0,0,0,1,,-0.04,0.15,0
2025-09-07T18:42:50.394000Z,2e702754-12da-4677-8056-3f6240b6755f,-0.01,0.1,0.08,0.07,0,-0.02,0.02,-0.02,0,0,1,0,0,0,0,0,0,0,0,0,0,0,0,0,1,,0.08,0.07,0
2025-09-07T18:42:50.409000Z,2e702754-12da-4677-8056-3f6240b6755f,0,0.11,0.07,0,0,-0.03,-0.05,0.03,0,0,1,0,0,0,0,0,0,0,0,0,0,0,0,0,1,,0.07,0,0
2025-09-07T18:42:50.446000Z,2e702754-12da-4677-8056-3f6240b6755f,0,0.1,0.04,0.07,0,0,-0.03,0.03,0,0,1,0,0,0,0,0,0,0,0,0,0,0,0,0,1,,0.04,0.07,0
2025-09-07T18:42:50.457000Z,2e702754-12da-4677-8056-3f6240b6755f,0,0.09,0.08,-0.07,0,-0.02,-0.03,0.03,0,0,1,0,0,0,0,0,0,0,0,0,0,0,0,0,1,,0.08,-0.07,0
2025-09-07T18:42:50.482000Z,2e702754-12da-4677-8056-3f6240b6755f,0,0.1,-0.03,0.2,0,0.02,-0.05,0.05,0,0,1,0,0,0,0,0,0,0,0,0,0,0,0,0,1,,-0.03,0.2,0
2025-09-07T18:42:50.513000Z,2e702754-12da-4677-8056-3f6240b6755f,0.01,0.09,0.07,0.06,0,-0.06,0,0,0,0,1,0,0,0,0,0,0,0,0,0,0,0,0,0,1,,0.07,0.06,0
2025-09-07T18:42:50.530000Z,2e702754-12da-4677-8056-3f6240b6755f,0.01,0.09,0.07,0.07,0,-0.03,-0.02,0.03,0,0,1,0,0,0,0,0,0,0,0,0,0,0,0,0,1,,0.07,0.07,0
2025-09-07T18:42:50.549000Z,2e702754-12da-4677-8056-3f6240b6755f,0.01,0.09,-0.07,0.11,0,-0.03,0.02,0.02,0,0,1,0,0,0,0,0,0,0,0,0,0,0,0,0,1,,-0.07,0.11,0
2025-09-07T18:42:50.575000Z,2e702754-12da-4677-8056-3f6240b6755f,0.01,0.1,0,0.07,0,-0.03,0.05,0.02,0,0,1,0,0,0,0,0,0,0,0,0,0,0,0,0,1,,0,0.07,0
2025-09-07T18:42:50.594000Z,2e702754-12da-4677-8056-3f6240b6755f,0.01,0.1,0,0.11,0,-0.02,-0.02,0,0,0,1,0,0,0,0,0,0,0,0,0,0,0,0,0,1,,0,0.11,0
2025-09-07T18:42:50.616000Z,2e702754-12da-4677-8056-3f6240b6755f,0.01,0.1,-0.04,0.08,0,-0.02,-0.03,0,0,0,1,0,0,0,0,0,0,0,0,0,0,0,0,0,1,,-0.04,0.08,0
2025-09-07T18:42:50.638000Z,2e702754-12da-4677-8056-3f6240b6755f,0.01,0.1,0.07,0.14,0,-0.03,-0.05,0.02,0,0,1,0,0,0,0,0,0,0,0,0,0,0,0,0,1,,0.07,0.14,0
2025-09-07T18:42:50.661000Z,2e702754-12da-4677-8056-3f6240b6755f,0.01,0.1,-0.06,0.06,0,-0.06,-0.03,0,0,0,1,0,0,0,0,0,0,0,0,0,0,0,0,0,1,,-0.06,0.06,0
2025-09-07T18:42:50.680000Z,2e702754-12da-4677-8056-3f6240b6755f,0.01,0.1,0.1,0.07,0,0.02,-0.06,-0.02,0,0,1,0,0,0,0,0,0,0,0,0,0,0,0,0,1,,0.1,0.07,0
2025-09-07T18:42:50.704000Z,2e702754-12da-4677-8056-3f6240b6755f,0.01,0.09,0.07,0.11,0,0,-0.09,0,0,0,1,0,0,0,0,0,0,0,0,0,0,0,0,0,1,,0.07,0.11,0
2025-09-07T18:42:50.730000Z,2e702754-12da-4677-8056-3f6240b6755f,0.01,0.1,-0.03,0.1,0,-0.02,-0.06,0.05,0,0,1,0,0,0,0,0,0,0,0,0,0,0,0,0,1,,-0.03,0.1,0
2025-09-07T18:42:50.749000Z,2e702754-12da-4677-8056-3f6240b6755f,0.01,0.09,0.07,0.03,0,0.02,-0.03,-0.02,0,0,1,0,0,0,0,0,0,0,0,0,0,0,0,0,1,,0.07,0.03,0
2025-09-07T18:42:50.768000Z,2e702754-12da-4677-8056-3f6240b6755f,0.01,0.09,-0.03,-0.01,0,0,-0.03,0.03,0,0,1,0,0,0,0,0,0,0,0,0,0,0,0,0,1,,-0.03,-0.01,0
2025-09-07T18:42:50.799000Z,2e702754-12da-4677-8056-3f6240b6755f,0,0.08,-0.06,0.07,0,-0.03,0.03,0.02,0,0,1,0,0,0,0,0,0,0,0,0,0,0,0,0,1,,-0.06,0.07,0
2025-09-07T18:42:50.815000Z,2e702754-12da-4677-8056-3f6240b6755f,0,0.08,0.01,-0.04,0,-0.02,0,0.03,0,0,1,0,0,0,0,0,0,0,0,0,0,0,0,0,1,,0.01,-0.04,0
2025-09-07T18:42:50.837000Z,2e702754-12da-4677-8056-3f6240b6755f,0,0.08,0.03,0.18,0,0,-0.02,0.06,0,0,1,0,0,0,0,0,0,0,0,0,0,0,0,0,1,,0.03,0.18,0
2025-09-07T18:42:50.858000Z,2e702754-12da-4677-8056-3f6240b6755f,0,0.08,-0.03,0.04,0,-0.05,-0.02,0.02,0,0,1,0,0,0,0,0,0,0,0,0,0,0,0,0,1,,-0.03,0.04,0
2025-09-07T18:42:50.873000Z,2e702754-12da-4677-8056-3f6240b6755f,0,0.08,-0.03,0.15,0,-0.06,-0.02,0.03,0,0,1,0,0,0,0,0,0,0,0,0,0,0,0,0,1,,-0.03,0.15,0
2025-09-07T18:42:50.896000Z,2e702754-12da-4677-8056-3f6240b6755f,0,0.08,-0.06,-0.03,0,-0.05,0,-0.02,0,0,1,0,0,0,0,0,0,0,0,0,0,0,0,0,1,,-0.06,-0.03,0
2025-09-07T18:42:50.916000Z,2e702754-12da-4677-8056-3f6240b6755f,0,0.08,0,0.18,0,-0.02,-0.08,0.02,0,0,1,0,0,0,0,0,0,0,0,0,0,0,0,0,1,,0,0.18,0
2025-09-07T18:42:50.938000Z,2e702754-12da-4677-8056-3f6240b6755f,-0.01,0.08,-0.06,-0.03,0,-0.02,-0.02,-0.02,0,0,1,0,0,0,0,0,0,0,0,0,0,0,0,0,1,,-0.06,-0.03,0
2025-09-07T18:42:50.957000Z,2e702754-12da-4677-8056-3f6240b6755f,-0.01,0.08,0,0.1,0,0.03,0,0.05,0,0,1,0,0,0,0,0,0,0,0,0,0,0,0,0,1,,0,0.1,0
2025-09-07T18:42:50.980000Z,2e702754-12da-4677-8056-3f6240b6755f,-0.01,0.08,0.06,0.1,0,-0.02,0.03,-0.02,0,0,1.01,0,0,0,0,0,0,0,0,0,0,0,0,0,1,,0.06,0.1,0
2025-09-07T18:42:50.999000Z,2e702754-12da-4677-8056-3f6240b6755f,-0.01,0.08,-0.06,0.06,0,0,-0.03,0.02,0,0,1,0,0,0,0,0,0,0,0,0,0,0,0,0,1,,-0.06,0.06,0
2025-09-07T18:42:51.021000Z,2e702754-12da-4677-8056-3f6240b6755f,-0.01,0.08,0.04,0.1,0,-0.05,-0.03,0.03,0,0,1,0,0,0,0,0,0,0,0,0,0,0,0,0,1,,0.04,0.1,0
2025-09-07T18:42:51.042000Z,2e702754-12da-4677-8056-3f6240b6755f,-0.01,0.08,-0.06,0.13,0,-0.06,-0.05,0.03,0,0,1,0,0,0,0,0,0,0,0,0,0,0,0,0,1,,-0.06,0.13,0
2025-09-07T18:42:51.060000Z,2e702754-12da-4677-8056-3f6240b6755f,-0.01,0.08,0.07,0.15,0,-0.02,0,-0.02,0,0,1,0,0,0,0,0,0,0,0,0,0,0,0,0,1,,0.07,0.15,0
2025-09-07T18:42:51.082000Z,2e702754-12da-4677-8056-3f6240b6755f,-0.01,0.08,-0.06,0.07,0,0,-0.06,0,0,0,1,0,0,0,0,0,0,0,0,0,0,0,0,0,1,,-0.06,0.07,0
2025-09-07T18:42:51.102000Z,2e702754-12da-4677-8056-3f6240b6755f,-0.01,0.08,0.01,0.14,0,-0.05,-0.03,0.02,0,0,1,0,0,0,0,0,0,0,0,0,0,0,0,0,1,,0.01,0.14,0
2025-09-07T18:42:51.125000Z,2e702754-12da-4677-8056-3f6240b6755f,-0.01,0.08,0.03,0.03,0,-0.02,-0.03,0,0,0,1,0,0,0,0,0,0,0,0,0,0,0,0,0,1,,0.03,0.03,0
2025-09-07T18:42:51.155000Z,2e702754-12da-4677-8056-3f6240b6755f,-0.01,0.08,-0.01,0.08,0,-0.03,-0.03,0.02,0,0,1,0,0,0,0,0,0,0,0,0,0,0,0,0,1,,-0.01,0.08,0
2025-09-07T18:42:51.171000Z,2e702754-12da-4677-8056-3f6240b6755f,0,0.08,0.1,0.06,0,-0.02,-0.03,0,0,0,1,0,0,0,0,0,0,0,0,0,0,0,0,0,1,,0.1,0.06,0
2025-09-07T18:42:51.192000Z,2e702754-12da-4677-8056-3f6240b6755f,0,0.08,0.06,0.07,0,0.02,0.03,0.05,0,0,1,0,0,0,0,0,0,0,0,0,0,0,0,0,1,,0.06,0.07,0
2025-09-07T18:42:51.217000Z,2e702754-12da-4677-8056-3f6240b6755f,0,0.07,-0.08,0.07,0,0,0.05,0,0,0,1,0,0,0,0,0,0,0,0,0,0,0,0,0,1,,-0.08,0.07,0
2025-09-07T18:42:51.239000Z,2e702754-12da-4677-8056-3f6240b6755f,0,0.08,-0.06,0.17,0,0.02,0,0.03,0,0,1,0,0,0,0,0,0,0,0,0,0,0,0,0,1,,-0.06,0.17,0
2025-09-07T18:42:51.267000Z,2e702754-12da-4677-8056-3f6240b6755f,-0.01,0.08,-0.1,0.04,0,-0.06,0.02,-0.02,0,0,1,0,0,0,0,0,0,0,0,0,0,0,0,0,1,,-0.1,0.04,0
2025-09-07T18:42:51.288000Z,2e702754-12da-4677-8056-3f6240b6755f,-0.01,0.08,-0.06,0.11,0,-0.03,-0.03,0.05,0,0,1,0,0,0,0,0,0,0,0,0,0,0,0,0,1,,-0.06,0.11,0
2025-09-07T18:42:51.306000Z,2e702754-12da-4677-8056-3f6240b6755f,-0.01,0.08,0.01,-0.01,0,-0.03,-0.02,0.03,0,0,1,0,0,0,0,0,0,0,0,0,0,0,0,0,1,,0.01,-0.01,0
2025-09-07T18:42:51.323000Z,2e702754-12da-4677-8056-3f6240b6755f,-0.01,0.08,-0.07,0.11,0,-0.05,-0.05,0.05,0,0,1,0,0,0,0,0,0,0,0,0,0,0,0,0,1,,-0.07,0.11,0
2025-09-07T18:42:51.342000Z,2e702754-12da-4677-8056-3f6240b6755f,-0.01,0.08,0.11,0.08,0,-0.05,0,-0.02,0,0,1,0,0,0,0,0,0,0,0,0,0,0,0,0,1,,0.11,0.08,0
2025-09-07T18:42:51.371000Z,2e702754-12da-4677-8056-3f6240b6755f,0,0.08,0.04,-0.06,0,-0.03,-0.11,0.02,0,0,1,0,0,0,0,0,0,0,0,0,0,0,0,0,1,,0.04,-0.06,0
2025-09-07T18:42:51.391000Z,2e702754-12da-4677-8056-3f6240b6755f,0.01,0.08,0.03,0.18,0,-0.03,-0.06,0.02,0,0,1,0,0,0,0,0,0,0,0,0,0,0,0,0,1,,0.03,0.18,0
2025-09-07T18:42:51.411000Z,2e702754-12da-4677-8056-3f6240b6755f,0,0.07,0.04,0.01,0,-0.03,-0.02,-0.03,0,0,1,0,0,0,0,0,0,0,0,0,0,0,0,0,1,,0.04,0.01,0
2025-09-07T18:42:51.439000Z,2e702754-12da-4677-8056-3f6240b6755f,0,0.08,-0.15,0.11,0,0.02,-0.06,0.03,0,0,1,0,0,0,0,0,0,0,0,0,0,0,0,0,1,,-0.15,0.11,0
2025-09-07T18:42:51.458000Z,2e702754-12da-4677-8056-3f6240b6755f,0,0.07,0.06,0.07,0,-0.06,-0.03,0.03,0,0,1,0,0,0,0,0,0,0,0,0,0,0,0,0,1,,0.06,0.07,0
2025-09-07T18:42:51.474000Z,2e702754-12da-4677-8056-3f6240b6755f,0,0.07,0,0.04,0,-0.03,-0.08,0.05,0,0,1,0,0,0,0,0,0,0,0,0,0,0,0,0,1,,0,0.04,0
2025-09-07T18:42:51.498000Z,2e702754-12da-4677-8056-3f6240b6755f,0,0.07,0.03,0.14,0,-0.03,-0.03,0,0,0,1,0,0,0,0,0,0,0,0,0,0,0,0,0,1,,0.03,0.14,0
2025-09-07T18:42:51.519000Z,2e702754-12da-4677-8056-3f6240b6755f,0.01,0.08,0.11,0.07,0,-0.05,0,0,0,0,1,0,0,0,0,0,0,0,0,0,0,0,0,0,1,,0.11,0.07,0
2025-09-07T18:42:51.539000Z,2e702754-12da-4677-8056-3f6240b6755f,0.01,0.07,0.06,0.07,0,0.02,-0.03,0.05,0,0,1,0,0,0,0,0,0,0,0,0,0,0,0,0,1,,0.06,0.07,0
2025-09-07T18:42:51.563000Z,2e702754-12da-4677-8056-3f6240b6755f,0.02,0.07,0.1,0.08,0,-0.02,-0.05,0.05,0,0,1,0,0,0,0,0,0,0,0,0,0,0,0,0,1,,0.1,0.08,0
2025-09-07T18:42:51.588000Z,2e702754-12da-4677-8056-3f6240b6755f,0.02,0.07,0.06,0.1,0,-0.05,-0.06,0.02,0,0,1,0,0,0,0,0,0,0,0,0,0,0,0,0,1,,0.06,0.1,0
2025-09-07T18:42:51.608000Z,2e702754-12da-4677-8056-3f6240b6755f,0.02,0.07,0,0.14,0,-0.02,-0.06,0.05,0,0,1,0,0,0,0,0,0,0,0,0,0,0,0,0,1,,0,0.14,0
2025-09-07T18:42:51.640000Z,2e702754-12da-4677-8056-3f6240b6755f,0.02,0.07,0.03,0.14,0,-0.02,-0.05,-0.02,0,0,1,0,0,0,0,0,0,0,0,0,0,0,0,0,1,,0.03,0.14,0
2025-09-07T18:42:51.656000Z,2e702754-12da-4677-8056-3f6240b6755f,0.02,0.07,-0.06,0,0,-0.06,-0.03,0.05,0,0,1,0,0,0,0,0,0,0,0,0,0,0,0,0,1,,-0.06,0,0
2025-09-07T18:42:51.668000Z,2e702754-12da-4677-8056-3f6240b6755f,0.02,0.08,-0.04,0.2,0,0.02,-0.02,0,0,0,1,0,0,0,0,0,0,0,0,0,0,0,0,0,1,,-0.04,0.2,0
2025-09-07T18:42:51.709000Z,2e702754-12da-4677-8056-3f6240b6755f,0.01,0.08,0.04,0.03,0,-0.02,0,0,0,0,1,0,0,0,0,0,0,0,0,0,0,0,0,0,1,,0.04,0.03,0
2025-09-07T18:42:51.733000Z,2e702754-12da-4677-8056-3f6240b6755f,0.01,0.09,-0.06,0.24,0,0.02,-0.05,0.03,0,0,1,0,0,0,0,0,0,0,0,0,0,0,0,0,1,,-0.06,0.24,0
2025-09-07T18:42:51.738000Z,2e702754-12da-4677-8056-3f6240b6755f,0.02,0.09,0.1,0.18,0,-0.05,0.08,0.02,0,0,1,0,0,0,0,0,0,0,0,0,0,0,0,0,1,,0.1,0.18,0
2025-09-07T18:42:51.758000Z,2e702754-12da-4677-8056-3f6240b6755f,0.02,0.1,0.08,-0.01,0,-0.03,-0.05,0.03,0,0,1,0,0,0,0,0,0,0,0,0,0,0,0,0,1,,0.08,-0.01,0
2025-09-07T18:42:51.785000Z,2e702754-12da-4677-8056-3f6240b6755f,0.02,0.1,0,0.15,0,0,-0.03,0.02,0,0,1,0,0,0,0,0,0,0,0,0,0,0,0,0,1,,0,0.15,0
2025-09-07T18:42:51.806000Z,2e702754-12da-4677-8056-3f6240b6755f,0.02,0.09,0.03,-0.07,0,-0.05,0,0,0,0,1,0,0,0,0,0,0,0,0,0,0,0,0,0,1,,0.03,-0.07,0
2025-09-07T18:42:51.826000Z,2e702754-12da-4677-8056-3f6240b6755f,0.02,0.09,-0.04,0.18,0,0,-0.05,0.03,0,0,1,0,0,0,0,0,0,0,0,0,0,0,0,0,1,,-0.04,0.18,0
2025-09-07T18:42:51.852000Z,2e702754-12da-4677-8056-3f6240b6755f,0.02,0.09,0.03,0.1,0,0,-0.03,-0.03,0,0,1,0,0,0,0,0,0,0,0,0,0,0,0,0,1,,0.03,0.1,0
2025-09-07T18:42:51.868000Z,2e702754-12da-4677-8056-3f6240b6755f,0.02,0.1,0.07,0.15,0,0,-0.05,0.05,0,0,1,0,0,0,0,0,0,0,0,0,0,0,0,0,1,,0.07,0.15,0
2025-09-07T18:42:51.894000Z,2e702754-12da-4677-8056-3f6240b6755f,0.02,0.09,-0.06,0.1,0,-0.06,0,0.05,0,0,1,0,0,0,0,0,0,0,0,0,0,0,0,0,1,,-0.06,0.1,0
2025-09-07T18:42:51.915000Z,2e702754-12da-4677-8056-3f6240b6755f,0.02,0.09,-0.03,0.04,0,-0.05,-0.03,0,0,0,1,0,0,0,0,0,0,0,0,0,0,0,0,0,1,,-0.03,0.04,0
2025-09-07T18:42:51.936000Z,2e702754-12da-4677-8056-3f6240b6755f,0.01,0.09,-0.04,0.06,0,-0.03,-0.06,0.03,0,0,1,0,0,0,0,0,0,0,0,0,0,0,0,0,1,,-0.04,0.06,0
2025-09-07T18:42:51.959000Z,2e702754-12da-4677-8056-3f6240b6755f,0.01,0.09,0.01,0.08,0,-0.03,0,0,0,0,1,0,0,0,0,0,0,0,0,0,0,0,0,0,1,,0.01,0.08,0
2025-09-07T18:42:51.984000Z,2e702754-12da-4677-8056-3f6240b6755f,0.02,0.09,0.13,0.1,0,0,-0.02,0.03,0,0,1,0,0,0,0,0,0,0,0,0,0,0,0,0,1,,0.13,0.1,0
2025-09-07T18:42:52.003000Z,2e702754-12da-4677-8056-3f6240b6755f,0.02,0.09,-0.08,0.04,0,0,-0.05,0.03,0,0,1,0,0,0,0,0,0,0,0,0,0,0,0,0,1,,-0.08,0.04,0
2025-09-07T18:42:52.023000Z,2e702754-12da-4677-8056-3f6240b6755f,0.01,0.09,0.01,0.18,0,0.02,-0.05,0,0,0,1,0,0,0,0,0,0,0,0,0,0,0,0,0,1,,0.01,0.18,0
2025-09-07T18:42:52.043000Z,2e702754-12da-4677-8056-3f6240b6755f,0.01,0.09,0.06,0.01,0,-0.02,-0.08,0.03,0,0,1,0,0,0,0,0,0,0,0,0,0,0,0,0,1,,0.06,0.01,0
2025-09-07T18:42:52.066000Z,2e702754-12da-4677-8056-3f6240b6755f,0.02,0.09,0.03,0.11,0,-0.03,-0.06,0.06,0,0,1,0,0,0,0,0,0,0,0,0,0,0,0,0,1,,0.03,0.11,0
2025-09-07T18:42:52.084000Z,2e702754-12da-4677-8056-3f6240b6755f,0.02,0.08,0.08,0.08,0,-0.05,-0.03,0.02,0,0,1,0,0,0,0,0,0,0,0,0,0,0,0,0,1,,0.08,0.08,0
2025-09-07T18:42:52.107000Z,2e702754-12da-4677-8056-3f6240b6755f,0.02,0.09,-0.03,0.1,0,0,-0.05,0.06,0,0,1,0,0,0,0,0,0,0,0,0,0,0,0,0,1,,-0.03,0.1,0
2025-09-07T18:42:52.131000Z,2e702754-12da-4677-8056-3f6240b6755f,0.02,0.08,0.01,0.04,0,0,0.02,0.02,0,0,1,0,0,0,0,0,0,0,0,0,0,0,0,0,1,,0.01,0.04,0
2025-09-07T18:42:52.157000Z,2e702754-12da-4677-8056-3f6240b6755f,0.02,0.09,0.04,0.11,0,-0.02,-0.02,0.05,0,0,1,0,0,0,0,0,0,0,0,0,0,0,0,0,1,,0.04,0.11,0
2025-09-07T18:42:52.175000Z,2e702754-12da-4677-8056-3f6240b6755f,0.02,0.08,-0.06,0.03,0,-0.06,0.03,-0.02,0,0,1,0,0,0,0,0,0,0,0,0,0,0,0,0,1,,-0.06,0.03,0
2025-09-07T18:42:52.199000Z,2e702754-12da-4677-8056-3f6240b6755f,0.02,0.08,-0.03,0.03,0,-0.03,-0.05,0.03,0,0,1,0,0,0,0,0,0,0,0,0,0,0,0,0,1,,-0.03,0.03,0
2025-09-07T18:42:52.226000Z,2e702754-12da-4677-8056-3f6240b6755f,0.02,0.08,0.08,0.14,0,-0.03,-0.06,-0.02,0,0,1.01,0,0,0,0,0,0,0,0,0,0,0,0,0,1,,0.08,0.14,0
2025-09-07T18:42:52.240000Z,2e702754-12da-4677-8056-3f6240b6755f,0.02,0.09,-0.06,0.1,0,-0.02,-0.08,0.05,0,0,1,0,0,0,0,0,0,0,0,0,0,0,0,0,1,,-0.06,0.1,0
2025-09-07T18:42:52.262000Z,2e702754-12da-4677-8056-3f6240b6755f,0.02,0.09,0,0.21,0,0.02,-0.08,0.03,0,0,1,0,0,0,0,0,0,0,0,0,0,0,0,0,1,,0,0.21,0
2025-09-07T18:42:52.288000Z,2e702754-12da-4677-8056-3f6240b6755f,0.01,0.09,-0.11,-0.03,0,-0.05,-0.06,0,0,0,1,0,0,0,0,0,0,0,0,0,0,0,0,0,1,,-0.11,-0.03,0
2025-09-07T18:42:52.311000Z,2e702754-12da-4677-8056-3f6240b6755f,0.01,0.09,-0.04,0.13,0,0,-0.06,0.02,0,0,1,0,0,0,0,0,0,0,0,0,0,0,0,0,1,,-0.04,0.13,0
2025-09-07T18:42:52.331000Z,2e702754-12da-4677-8056-3f6240b6755f,0,0.08,0.04,0.06,0,-0.03,0.03,-0.03,0,0,1,0,0,0,0,0,0,0,0,0,0,0,0,0,1,,0.04,0.06,0
2025-09-07T18:42:52.376000Z,2e702754-12da-4677-8056-3f6240b6755f,0,0.09,-0.04,0.06,0,-0.03,-0.02,0.03,0,0,1,0,0,0,0,0,0,0,0,0,0,0,0,0,1,,-0.04,0.06,0
2025-09-07T18:42:52.386000Z,2e702754-12da-4677-8056-3f6240b6755f,0.01,0.08,0.08,0.06,0,0,0,0.03,0,0,1,0,0,0,0,0,0,0,0,0,0,0,0,0,1,,0.08,0.06,0
2025-09-07T18:42:52.412000Z,2e702754-12da-4677-8056-3f6240b6755f,0.01,0.08,0.01,-0.08,0,-0.03,0,0.05,0,0,1,0,0,0,0,0,0,0,0,0,0,0,0,0,1,,0.01,-0.08,0
2025-09-07T18:42:52.422000Z,2e702754-12da-4677-8056-3f6240b6755f,0.01,0.08,0.03,0.07,0,-0.02,0,0.03,0,0,1,0,0,0,0,0,0,0,0,0,0,0,0,0,1,,0.03,0.07,0
2025-09-07T18:42:52.444000Z,2e702754-12da-4677-8056-3f6240b6755f,0.02,0.07,0.03,0,0,-0.05,-0.02,0,0,0,1,0,0,0,0,0,0,0,0,0,0,0,0,0,1,,0.03,0,0
2025-09-07T18:42:52.461000Z,2e702754-12da-4677-8056-3f6240b6755f,0.02,0.07,0.01,0.08,0,0.02,-0.02,0,0,0,1,0,0,0,0,0,0,0,0,0,0,0,0,0,1,,0.01,0.08,0
2025-09-07T18:42:52.493000Z,2e702754-12da-4677-8056-3f6240b6755f,0.02,0.07,0.04,0.08,0,-0.03,-0.06,0.03,0,0,1,0,0,0,0,0,0,0,0,0,0,0,0,0,1,,0.04,0.08,0
2025-09-07T18:42:52.517000Z,2e702754-12da-4677-8056-3f6240b6755f,0.02,0.07,0.04,0.13,0,-0.03,-0.11,0.02,0,0,1,0,0,0,0,0,0,0,0,0,0,0,0,0,1,,0.04,0.13,0
2025-09-07T18:42:52.534000Z,2e702754-12da-4677-8056-3f6240b6755f,0.02,0.07,-0.07,0.06,0,-0.03,-0.05,-0.02,0,0,1,0,0,0,0,0,0,0,0,0,0,0,0,0,1,,-0.07,0.06,0
2025-09-07T18:42:52.552000Z,2e702754-12da-4677-8056-3f6240b6755f,0.02,0.08,0.1,0.14,0,0.02,-0.02,0.02,0,0,1,0,0,0,0,0,0,0,0,0,0,0,0,0,1,,0.1,0.14,0
2025-09-07T18:42:52.587000Z,2e702754-12da-4677-8056-3f6240b6755f,0.02,0.08,-0.07,0,0,-0.02,0.08,0.02,0,0,1,0,0,0,0,0,0,0,0,0,0,0,0,0,1,,-0.07,0,0
2025-09-07T18:42:52.600000Z,2e702754-12da-4677-8056-3f6240b6755f,0.02,0.08,0,0.14,0,-0.03,-0.05,0.06,0,0,1,0,0,0,0,0,0,0,0,0,0,0,0,0,1,,0,0.14,0
2025-09-07T18:42:52.617000Z,2e702754-12da-4677-8056-3f6240b6755f,0.02,0.08,0.04,0.04,0,-0.03,0,0.02,0,0,1,0,0,0,0,0,0,0,0,0,0,0,0,0,1,,0.04,0.04,0
2025-09-07T18:42:52.633000Z,2e702754-12da-4677-8056-3f6240b6755f,0.01,0.09,-0.13,0.04,0,-0.03,-0.02,0.03,0,0,1,0,0,0,0,0,0,0,0,0,0,0,0,0,1,,-0.13,0.04,0
2025-09-07T18:42:52.660000Z,2e702754-12da-4677-8056-3f6240b6755f,0.01,0.09,0.06,0.13,0,-0.03,0.05,0.05,0,0,1,0,0,0,0,0,0,0,0,0,0,0,0,0,1,,0.06,0.13,0
2025-09-07T18:42:52.699000Z,2e702754-12da-4677-8056-3f6240b6755f,0,0.09,-0.11,-0.04,0,-0.03,-0.02,0.05,0,0,1,0,0,0,0,0,0,0,0,0,0,0,0,0,1,,-0.11,-0.04,0
2025-09-07T18:42:52.713000Z,2e702754-12da-4677-8056-3f6240b6755f,0,0.09,-0.07,0.21,0,0,-0.03,0.02,0,0,1,0,0,0,0,0,0,0,0,0,0,0,0,0,1,,-0.07,0.21,0
2025-09-07T18:42:52.730000Z,2e702754-12da-4677-8056-3f6240b6755f,-0.01,0.09,-0.03,-0.01,0,-0.05,-0.02,-0.02,0,0,1,0,0,0,0,0,0,0,0,0,0,0,0,0,1,,-0.03,-0.01,0
2025-09-07T18:42:52.744000Z,2e702754-12da-4677-8056-3f6240b6755f,-0.01,0.09,-0.08,0.18,0,0.02,0,0,0,0,1,0,0,0,0,0,0,0,0,0,0,0,0,0,1,,-0.08,0.18,0
2025-09-07T18:42:52.765000Z,2e702754-12da-4677-8056-3f6240b6755f,0,0.09,0.03,0.06,0,-0.08,0.02,0,0,0,1,0,0,0,0,0,0,0,0,0,0,0,0,0,1,,0.03,0.06,0
2025-09-07T18:42:52.788000Z,2e702754-12da-4677-8056-3f6240b6755f,-0.01,0.08,0.03,-0.03,0,-0.02,-0.05,0.02,0,0,1,0,0,0,0,0,0,0,0,0,0,0,0,0,1,,0.03,-0.03,0
2025-09-07T18:42:52.814000Z,2e702754-12da-4677-8056-3f6240b6755f,-0.01,0.08,-0.07,0.07,0,-0.06,-0.02,0,0,0,1,0,0,0,0,0,0,0,0,0,0,0,0,0,1,,-0.07,0.07,0
2025-09-07T18:42:52.838000Z,2e702754-12da-4677-8056-3f6240b6755f,-0.01,0.08,0.1,0.13,0,-0.05,0.02,0.05,0,0,1,0,0,0,0,0,0,0,0,0,0,0,0,0,1,,0.1,0.13,0
2025-09-07T18:42:52.853000Z,2e702754-12da-4677-8056-3f6240b6755f,-0.01,0.08,-0.11,0.1,0,-0.03,-0.06,0.02,0,0,1,0,0,0,0,0,0,0,0,0,0,0,0,0,1,,-0.11,0.1,0
2025-09-07T18:42:52.883000Z,2e702754-12da-4677-8056-3f6240b6755f,-0.02,0.09,-0.13,0.08,0,-0.03,0.02,0.02,0,0,1,0,0,0,0,0,0,0,0,0,0,0,0,0,1,,-0.13,0.08,0
2025-09-07T18:42:52.903000Z,2e702754-12da-4677-8056-3f6240b6755f,-0.02,0.09,0.06,0.14,0,0.02,-0.03,-0.03,0,0,1,0,0,0,0,0,0,0,0,0,0,0,0,0,1,,0.06,0.14,0
2025-09-07T18:42:52.924000Z,2e702754-12da-4677-8056-3f6240b6755f,-0.02,0.09,-0.17,0.08,0,0,-0.05,0.02,0,0,1,0,0,0,0,0,0,0,0,0,0,0,0,0,1,,-0.17,0.08,0
2025-09-07T18:42:52.940000Z,2e702754-12da-4677-8056-3f6240b6755f,-0.02,0.09,0.06,0.2,0,-0.03,0,0.03,0,0,1,0,0,0,0,0,0,0,0,0,0,0,0,0,1,,0.06,0.2,0
2025-09-07T18:42:52.967000Z,2e702754-12da-4677-8056-3f6240b6755f,-0.02,0.08,0.01,-0.04,0,-0.03,-0.05,0.02,0,0,1,0,0,0,0,0,0,0,0,0,0,0,0,0,1,,0.01,-0.04,0
2025-09-07T18:42:52.989000Z,2e702754-12da-4677-8056-3f6240b6755f,-0.02,0.09,-0.04,0.14,0,0.02,-0.02,0.03,0,0,1,0,0,0,0,0,0,0,0,0,0,0,0,0,1,,-0.04,0.14,0
2025-09-07T18:42:53.006000Z,2e702754-12da-4677-8056-3f6240b6755f,-0.02,0.08,0.14,-0.01,0,-0.05,-0.03,0,0,0,1,0,0,0,0,0,0,0,0,0,0,0,0,0,1,,0.14,-0.01,0
2025-09-07T18:42:53.031000Z,2e702754-12da-4677-8056-3f6240b6755f,-0.01,0.08,0,0.03,0,-0.05,-0.05,0.02,0,0,1,0,0,0,0,0,0,0,0,0,0,0,0,0,1,,0,0.03,0
2025-09-07T18:42:53.063000Z,2e702754-12da-4677-8056-3f6240b6755f,-0.01,0.08,-0.03,0.15,0,-0.05,-0.02,0.03,0,0,1,0,0,0,0,0,0,0,0,0,0,0,0,0,1,,-0.03,0.15,0
2025-09-07T18:42:53.070000Z,2e702754-12da-4677-8056-3f6240b6755f,-0.01,0.08,0,0.03,0,-0.03,-0.03,0.02,0,0,1,0,0,0,0,0,0,0,0,0,0,0,0,0,1,,0,0.03,0
2025-09-07T18:42:53.096000Z,2e702754-12da-4677-8056-3f6240b6755f,-0.02,0.08,-0.04,0.15,0,-0.06,0.02,0.05,0,0,1,0,0,0,0,0,0,0,0,0,0,0,0,0,1,,-0.04,0.15,0
2025-09-07T18:42:53.121000Z,2e702754-12da-4677-8056-3f6240b6755f,-0.01,0.09,0.08,0.1,0,0,0,0.02,0,0,1,0,0,0,0,0,0,0,0,0,0,0,0,0,1,,0.08,0.1,0
2025-09-07T18:42:53.137000Z,2e702754-12da-4677-8056-3f6240b6755f,-0.01,0.09,0.03,0.15,0,0,-0.02,0.02,0,0,1,0,0,0,0,0,0,0,0,0,0,0,0,0,1,,0.03,0.15,0
2025-09-07T18:42:53.158000Z,2e702754-12da-4677-8056-3f6240b6755f,-0.01,0.09,-0.03,-0.01,0,-0.06,-0.02,0.05,0,0,1,0,0,0,0,0,0,0,0,0,0,0,0,0,1,,-0.03,-0.01,0
2025-09-07T18:42:53.179000Z,2e702754-12da-4677-8056-3f6240b6755f,-0.01,0.09,0.03,0.14,0,-0.02,-0.06,0.05,0,0,1,0,0,0,0,0,0,0,0,0,0,0,0,0,1,,0.03,0.14,0
2025-09-07T18:42:53.201000Z,2e702754-12da-4677-8056-3f6240b6755f,-0.01,0.09,-0.04,-0.04,0,-0.05,0,0.03,0,0,1,0,0,0,0,0,0,0,0,0,0,0,0,0,1,,-0.04,-0.04,0
2025-09-07T18:42:53.229000Z,2e702754-12da-4677-8056-3f6240b6755f,-0.01,0.09,0.04,0.18,0,0,-0.05,0.08,0,0,1,0,0,0,0,0,0,0,0,0,0,0,0,0,1,,0.04,0.18,0
2025-09-07T18:42:53.244000Z,2e702754-12da-4677-8056-3f6240b6755f,-0.01,0.09,0.04,0.06,0,-0.02,0,0.02,0,0,1,0,0,0,0,0,0,0,0,0,0,0,0,0,1,,0.04,0.06,0
2025-09-07T18:42:53.267000Z,2e702754-12da-4677-8056-3f6240b6755f,0,0.09,0.06,0.08,0,0.02,-0.02,0.03,0,0,1,0,0,0,0,0,0,0,0,0,0,0,0,0,1,,0.06,0.08,0
2025-09-07T18:42:53.288000Z,2e702754-12da-4677-8056-3f6240b6755f,0.01,0.09,0.13,0.14,0,0,0.02,-0.02,0,0,1,0,0,0,0,0,0,0,0,0,0,0,0,0,1,,0.13,0.14,0
2025-09-07T18:42:53.319000Z,2e702754-12da-4677-8056-3f6240b6755f,0.01,0.09,-0.01,0.03,0,-0.05,-0.03,0.03,0,0,1,0,0,0,0,0,0,0,0,0,0,0,0,0,1,,-0.01,0.03,0
2025-09-07T18:42:53.338000Z,2e702754-12da-4677-8056-3f6240b6755f,0.01,0.09,-0.04,0.08,0,-0.02,-0.02,0.08,0,0,1,0,0,0,0,0,0,0,0,0,0,0,0,0,1,,-0.04,0.08,0
2025-09-07T18:42:53.358000Z,2e702754-12da-4677-8056-3f6240b6755f,0.01,0.09,0.06,-0.03,0,-0.02,-0.05,0.03,0,0,1,0,0,0,0,0,0,0,0,0,0,0,0,0,1,,0.06,-0.03,0
2025-09-07T18:42:53.386000Z,2e702754-12da-4677-8056-3f6240b6755f,0.01,0.08,-0.03,0.04,0,0,-0.03,0.03,0,0,1,0,0,0,0,0,0,0,0,0,0,0,0,0,1,,-0.03,0.04,0
2025-09-07T18:42:53.412000Z,2e702754-12da-4677-8056-3f6240b6755f,0.01,0.08,0.01,-0.03,0,0.02,-0.03,0,0,0,1,0,0,0,0,0,0,0,0,0,0,0,0,0,1,,0.01,-0.03,0
2025-09-07T18:42:53.421000Z,2e702754-12da-4677-8056-3f6240b6755f,0.01,0.07,-0.01,0.06,0,0.02,-0.02,0,0,0,1,0,0,0,0,0,0,0,0,0,0,0,0,0,1,,-0.01,0.06,0
2025-09-07T18:42:53.448000Z,2e702754-12da-4677-8056-3f6240b6755f,0.01,0.07,-0.04,0,0,-0.03,0.02,-0.03,0,0,1,0,0,0,0,0,0,0,0,0,0,0,0,0,1,,-0.04,0,0
2025-09-07T18:42:53.467000Z,2e702754-12da-4677-8056-3f6240b6755f,0.01,0.07,0.06,0.15,0,0,0,0.02,0,0,1,0,0,0,0,0,0,0,0,0,0,0,0,0,1,,0.06,0.15,0
2025-09-07T18:42:53.490000Z,2e702754-12da-4677-8056-3f6240b6755f,0.01,0.07,0.03,0,0,-0.03,0,0,0,0,1,0,0,0,0,0,0,0,0,0,0,0,0,0,1,,0.03,0,0
2025-09-07T18:42:53.506000Z,2e702754-12da-4677-8056-3f6240b6755f,0.01,0.07,0.07,0.21,0,-0.02,0,0.03,0,0,1,0,0,0,0,0,0,0,0,0,0,0,0,0,1,,0.07,0.21,0
2025-09-07T18:42:53.531000Z,2e702754-12da-4677-8056-3f6240b6755f,0,0.07,-0.01,0.13,0,-0.03,-0.02,-0.02,0,0,1,0,0,0,0,0,0,0,0,0,0,0,0,0,1,,-0.01,0.13,0
2025-09-07T18:42:53.552000Z,2e702754-12da-4677-8056-3f6240b6755f,0.01,0.08,-0.06,0.18,0,-0.03,-0.03,0.02,0,0,1,0,0,0,0,0,0,0,0,0,0,0,0,0,1,,-0.06,0.18,0
2025-09-07T18:42:53.570000Z,2e702754-12da-4677-8056-3f6240b6755f,0,0.08,0.03,0.22,0,-0.02,-0.05,0,0,0,1,0,0,0,0,0,0,0,0,0,0,0,0,0,1,,0.03,0.22,0
2025-09-07T18:42:53.598000Z,2e702754-12da-4677-8056-3f6240b6755f,0,0.09,-0.1,0.04,0,-0.03,-0.08,0.02,0,0,1,0,0,0,0,0,0,0,0,0,0,0,0,0,1,,-0.1,0.04,0
2025-09-07T18:42:53.620000Z,2e702754-12da-4677-8056-3f6240b6755f,0,0.09,0.01,0.26,0,0,-0.06,0.02,0,0,1,0,0,0,0,0,0,0,0,0,0,0,0,0,1,,0.01,0.26,0
2025-09-07T18:42:53.643000Z,2e702754-12da-4677-8056-3f6240b6755f,0,0.09,0.15,0,0,0,-0.02,0.02,0,0,1,0,0,0,0,0,0,0,0,0,0,0,0,0,1,,0.15,0,0
2025-09-07T18:42:53.673000Z,2e702754-12da-4677-8056-3f6240b6755f,0.01,0.09,-0.03,0.2,0,0,-0.05,0.05,0,0,1,0,0,0,0,0,0,0,0,0,0,0,0,0,1,,-0.03,0.2,0
2025-09-07T18:42:53.691000Z,2e702754-12da-4677-8056-3f6240b6755f,0.01,0.09,0.08,0.06,0,-0.03,-0.03,0.02,0,0,1,0,0,0,0,0,0,0,0,0,0,0,0,0,1,,0.08,0.06,0
2025-09-07T18:42:53.713000Z,2e702754-12da-4677-8056-3f6240b6755f,0.01,0.09,-0.03,0.01,0,-0.03,0.02,0.03,0,0,1,0,0,0,0,0,0,0,0,0,0,0,0,0,1,,-0.03,0.01,0
2025-09-07T18:42:53.742000Z,2e702754-12da-4677-8056-3f6240b6755f,0.01,0.08,-0.01,0.07,0,-0.03,0.02,0.02,0,0,1,0,0,0,0,0,0,0,0,0,0,0,0,0,1,,-0.01,0.07,0
2025-09-07T18:42:53.749000Z,2e702754-12da-4677-8056-3f6240b6755f,0.01,0.08,0.03,-0.04,0,-0.02,-0.03,0,0,0,1,0,0,0,0,0,0,0,0,0,0,0,0,0,1,,0.03,-0.04,0
2025-09-07T18:42:53.765000Z,2e702754-12da-4677-8056-3f6240b6755f,0.01,0.07,-0.07,-0.04,0,-0.05,0,0,0,0,1,0,0,0,0,0,0,0,0,0,0,0,0,0,1,,-0.07,-0.04,0
2025-09-07T18:42:53.786000Z,2e702754-12da-4677-8056-3f6240b6755f,0.01,0.07,0.04,0.11,0,0,-0.02,0.06,0,0,1,0,0,0,0,0,0,0,0,0,0,0,0,0,1,,0.04,0.11,0
2025-09-07T18:42:53.819000Z,2e702754-12da-4677-8056-3f6240b6755f,0.01,0.07,0.1,0.08,0,-0.02,-0.03,0.02,0,0,1,0,0,0,0,0,0,0,0,0,0,0,0,0,1,,0.1,0.08,0
2025-09-07T18:42:53.857000Z,2e702754-12da-4677-8056-3f6240b6755f,0.01,0.07,0,0.01,0,-0.02,0,0.02,0,0,1,0,0,0,0,0,0,0,0,0,0,0,0,0,1,,0,0.01,0
2025-09-07T18:42:53.858000Z,2e702754-12da-4677-8056-3f6240b6755f,0.02,0.08,0.07,0.17,0,0.06,-0.03,0.03,0,0,1,0,0,0,0,0,0,0,0,0,0,0,0,0,1,,0.07,0.17,0
2025-09-07T18:42:53.885000Z,2e702754-12da-4677-8056-3f6240b6755f,0.02,0.07,0.03,0,0,-0.02,-0.05,0.02,0,0,1,0,0,0,0,0,0,0,0,0,0,0,0,0,1,,0.03,0,0
2025-09-07T18:42:53.902000Z,2e702754-12da-4677-8056-3f6240b6755f,0.03,0.07,0.08,0.14,0,0,-0.03,0.06,0,0,1,0,0,0,0,0,0,0,0,0,0,0,0,0,1,,0.08,0.14,0
2025-09-07T18:42:53.928000Z,2e702754-12da-4677-8056-3f6240b6755f,0.03,0.06,0.08,0,0,-0.06,0,0.02,0,0,1,0,0,0,0,0,0,0,0,0,0,0,0,0,1,,0.08,0,0
2025-09-07T18:42:53.949000Z,2e702754-12da-4677-8056-3f6240b6755f,0.02,0.07,-0.04,0.13,0,-0.06,-0.08,0.06,0,0,1,0,0,0,0,0,0,0,0,0,0,0,0,0,1,,-0.04,0.13,0
2025-09-07T18:42:53.967000Z,2e702754-12da-4677-8056-3f6240b6755f,0.02,0.06,0.04,0.14,0,-0.08,0,0.02,0,0,1,0,0,0,0,0,0,0,0,0,0,0,0,0,1,,0.04,0.14,0
2025-09-07T18:42:53.989000Z,2e702754-12da-4677-8056-3f6240b6755f,0.02,0.06,0.08,-0.06,0,-0.05,0.02,0,0,0,1,0,0,0,0,0,0,0,0,0,0,0,0,0,1,,0.08,-0.06,0
2025-09-07T18:42:54.011000Z,2e702754-12da-4677-8056-3f6240b6755f,0.03,0.07,0.01,0.25,0,-0.06,-0.02,-0.02,0,0,1,0,0,0,0,0,0,0,0,0,0,0,0,0,1,,0.01,0.25,0
2025-09-07T18:42:54.031000Z,2e702754-12da-4677-8056-3f6240b6755f,0.02,0.07,0.1,-0.04,0,0,-0.03,0.03,0,0,1,0,0,0,0,0,0,0,0,0,0,0,0,0,1,,0.1,-0.04,0
2025-09-07T18:42:54.052000Z,2e702754-12da-4677-8056-3f6240b6755f,0.03,0.07,0.06,0.11,0,0,-0.06,0.08,0,0,1,0,0,0,0,0,0,0,0,0,0,0,0,0,1,,0.06,0.11,0
2025-09-07T18:42:54.075000Z,2e702754-12da-4677-8056-3f6240b6755f,0.04,0.07,0.06,0.06,0,-0.08,-0.02,0,0,0,1.01,0,0,0,0,0,0,0,0,0,0,0,0,0,1,,0.06,0.06,0
2025-09-07T18:42:54.097000Z,2e702754-12da-4677-8056-3f6240b6755f,0.03,0.07,0.04,0.1,0,-0.02,-0.05,0,0,0,1,0,0,0,0,0,0,0,0,0,0,0,0,0,1,,0.04,0.1,0
2025-09-07T18:42:54.119000Z,2e702754-12da-4677-8056-3f6240b6755f,0.03,0.07,-0.07,0.06,0,-0.03,0.02,-0.02,0,0,1.01,0,0,0,0,0,0,0,0,0,0,0,0,0,1,,-0.07,0.06,0
2025-09-07T18:42:54.141000Z,2e702754-12da-4677-8056-3f6240b6755f,0.03,0.07,0.03,0.11,0,-0.03,-0.02,0.02,0,0,1,0,0,0,0,0,0,0,0,0,0,0,0,0,1,,0.03,0.11,0
2025-09-07T18:42:54.160000Z,2e702754-12da-4677-8056-3f6240b6755f,0.02,0.07,-0.01,0.01,0,-0.05,-0.02,-0.03,0,0,1,0,0,0,0,0,0,0,0,0,0,0,0,0,1,,-0.01,0.01,0
2025-09-07T18:42:54.179000Z,2e702754-12da-4677-8056-3f6240b6755f,0.02,0.07,-0.01,0.04,0,-0.03,-0.02,0.02,0,0,1,0,0,0,0,0,0,0,0,0,0,0,0,0,1,,-0.01,0.04,0
2025-09-07T18:42:54.208000Z,2e702754-12da-4677-8056-3f6240b6755f,0.02,0.07,0.01,0.11,0,-0.03,-0.02,0.02,0,0,1,0,0,0,0,0,0,0,0,0,0,0,0,0,1,,0.01,0.11,0
2025-09-07T18:42:54.234000Z,2e702754-12da-4677-8056-3f6240b6755f,0.02,0.07,-0.1,0.04,0,-0.05,-0.05,0.06,0,0,1,0,0,0,0,0,0,0,0,0,0,0,0,0,1,,-0.1,0.04,0
2025-09-07T18:42:54.247000Z,2e702754-12da-4677-8056-3f6240b6755f,0.02,0.07,0.03,0.14,0,0.02,-0.02,0.03,0,0,1,0,0,0,0,0,0,0,0,0,0,0,0,0,1,,0.03,0.14,0
2025-09-07T18:42:54.268000Z,2e702754-12da-4677-8056-3f6240b6755f,0.01,0.07,-0.04,0.13,0,-0.03,-0.06,0,0,0,1,0,0,0,0,0,0,0,0,0,0,0,0,0,1,,-0.04,0.13,0
2025-09-07T18:42:54.288000Z,2e702754-12da-4677-8056-3f6240b6755f,0.01,0.08,0.01,0.15,0,-0.03,-0.05,0.05,0,0,1,0,0,0,0,0,0,0,0,0,0,0,0,0,1,,0.01,0.15,0
2025-09-07T18:42:54.317000Z,2e702754-12da-4677-8056-3f6240b6755f,0.01,0.08,0.06,0.03,0,-0.06,-0.03,0.03,0,0,1,0,0,0,0,0,0,0,0,0,0,0,0,0,1,,0.06,0.03,0
2025-09-07T18:42:54.331000Z,2e702754-12da-4677-8056-3f6240b6755f,0.01,0.08,-0.06,0.14,0,-0.02,-0.03,0.05,0,0,1,0,0,0,0,0,0,0,0,0,0,0,0,0,1,,-0.06,0.14,0
2025-09-07T18:42:54.354000Z,2e702754-12da-4677-8056-3f6240b6755f,0.01,0.08,0,0.03,0,-0.03,-0.05,-0.05,0,0,1,0,0,0,0,0,0,0,0,0,0,0,0,0,1,,0,0.03,0
2025-09-07T18:42:54.376000Z,2e702754-12da-4677-8056-3f6240b6755f,0.01,0.08,-0.01,0.14,0,0,-0.03,0.03,0,0,1,0,0,0,0,0,0,0,0,0,0,0,0,0,1,,-0.01,0.14,0
2025-09-07T18:42:54.397000Z,2e702754-12da-4677-8056-3f6240b6755f,0,0.07,-0.04,0.03,0,-0.03,0.03,0.02,0,0,1,0,0,0,0,0,0,0,0,0,0,0,0,0,1,,-0.04,0.03,0
2025-09-07T18:42:54.421000Z,2e702754-12da-4677-8056-3f6240b6755f,0,0.07,0.03,0,0,-0.02,-0.05,0.03,0,0,1,0,0,0,0,0,0,0,0,0,0,0,0,0,1,,0.03,0,0
2025-09-07T18:42:54.439000Z,2e702754-12da-4677-8056-3f6240b6755f,0,0.07,-0.07,0.04,0,-0.02,-0.02,0,0,0,1,0,0,0,0,0,0,0,0,0,0,0,0,0,1,,-0.07,0.04,0
2025-09-07T18:42:54.461000Z,2e702754-12da-4677-8056-3f6240b6755f,0,0.07,0.01,0.06,0,-0.02,-0.02,0.03,0,0,1,0,0,0,0,0,0,0,0,0,0,0,0,0,1,,0.01,0.06,0
2025-09-07T18:42:54.480000Z,2e702754-12da-4677-8056-3f6240b6755f,0,0.07,0.11,0.17,0,-0.05,0,0.02,0,0,1,0,0,0,0,0,0,0,0,0,0,0,0,0,1,,0.11,0.17,0
2025-09-07T18:42:54.502000Z,2e702754-12da-4677-8056-3f6240b6755f,0,0.07,-0.17,0.04,0,-0.03,-0.02,0.02,0,0,1,0,0,0,0,0,0,0,0,0,0,0,0,0,1,,-0.17,0.04,0
2025-09-07T18:42:54.523000Z,2e702754-12da-4677-8056-3f6240b6755f,0,0.07,0.1,0.17,0,-0.02,-0.06,0.02,0,0,1,0,0,0,0,0,0,0,0,0,0,0,0,0,1,,0.1,0.17,0
2025-09-07T18:42:54.552000Z,2e702754-12da-4677-8056-3f6240b6755f,0,0.07,0.07,-0.04,0,-0.05,0,0,0,0,1,0,0,0,0,0,0,0,0,0,0,0,0,0,1,,0.07,-0.04,0
2025-09-07T18:42:54.570000Z,2e702754-12da-4677-8056-3f6240b6755f,0,0.06,0.01,0.06,0,-0.03,-0.06,0.02,0,0,1,0,0,0,0,0,0,0,0,0,0,0,0,0,1,,0.01,0.06,0
2025-09-07T18:42:54.602000Z,2e702754-12da-4677-8056-3f6240b6755f,0,0.06,0.03,0.08,0,-0.06,-0.02,-0.02,0,0,1,0,0,0,0,0,0,0,0,0,0,0,0,0,1,,0.03,0.08,0
2025-09-07T18:42:54.629000Z,2e702754-12da-4677-8056-3f6240b6755f,0,0.06,0,0.06,0,0,-0.05,0.03,0,0,1,0,0,0,0,0,0,0,0,0,0,0,0,0,1,,0,0.06,0
2025-09-07T18:42:54.642000Z,2e702754-12da-4677-8056-3f6240b6755f,0,0.06,0.03,0.14,0,-0.03,0.03,0.02,0,0,1,0,0,0,0,0,0,0,0,0,0,0,0,0,1,,0.03,0.14,0
2025-09-07T18:42:54.666000Z,2e702754-12da-4677-8056-3f6240b6755f,0.01,0.07,0.06,0.1,0,-0.02,-0.03,0.08,0,0,1,0,0,0,0,0,0,0,0,0,0,0,0,0,1,,0.06,0.1,0
2025-09-07T18:42:54.687000Z,2e702754-12da-4677-8056-3f6240b6755f,0,0.07,-0.01,0.08,0,-0.06,-0.03,0.06,0,0,1,0,0,0,0,0,0,0,0,0,0,0,0,0,1,,-0.01,0.08,0
2025-09-07T18:42:54.703000Z,2e702754-12da-4677-8056-3f6240b6755f,0,0.07,0.03,0.07,0,-0.02,0.02,0.05,0,0,1,0,0,0,0,0,0,0,0,0,0,0,0,0,1,,0.03,0.07,0
2025-09-07T18:42:54.732000Z,2e702754-12da-4677-8056-3f6240b6755f,0,0.07,0.06,0.06,0,0,0,0.03,0,0,1,0,0,0,0,0,0,0,0,0,0,0,0,0,1,,0.06,0.06,0
2025-09-07T18:42:54.748000Z,2e702754-12da-4677-8056-3f6240b6755f,0.01,0.06,0,-0.01,0,0,-0.06,0.03,0,0,1,0,0,0,0,0,0,0,0,0,0,0,0,0,1,,0,-0.01,0
2025-09-07T18:42:54.772000Z,2e702754-12da-4677-8056-3f6240b6755f,0.01,0.06,0.11,0.14,0,0.02,0,0,0,0,1,0,0,0,0,0,0,0,0,0,0,0,0,0,1,,0.11,0.14,0
2025-09-07T18:42:54.793000Z,2e702754-12da-4677-8056-3f6240b6755f,0.01,0.06,-0.06,-0.06,0,-0.02,-0.05,-0.03,0,0,1,0,0,0,0,0,0,0,0,0,0,0,0,0,1,,-0.06,-0.06,0
2025-09-07T18:42:54.814000Z,2e702754-12da-4677-8056-3f6240b6755f,0.01,0.07,-0.01,0.17,0,0.02,-0.03,0.08,0,0,1,0,0,0,0,0,0,0,0,0,0,0,0,0,1,,-0.01,0.17,0
2025-09-07T18:42:54.836000Z,2e702754-12da-4677-8056-3f6240b6755f,0.01,0.06,0.11,0.11,0,-0.02,0.02,0,0,0,1,0,0,0,0,0,0,0,0,0,0,0,0,0,1,,0.11,0.11,0
2025-09-07T18:42:54.859000Z,2e702754-12da-4677-8056-3f6240b6755f,0.01,0.07,-0.01,0,0,0,-0.05,0.05,0,0,1,0,0,0,0,0,0,0,0,0,0,0,0,0,1,,-0.01,0,0
2025-09-07T18:42:54.883000Z,2e702754-12da-4677-8056-3f6240b6755f,0.02,0.07,0.01,0.24,0,0.02,0.02,0.03,0,0,1,0,0,0,0,0,0,0,0,0,0,0,0,0,1,,0.01,0.24,0
2025-09-07T18:42:54.916000Z,2e702754-12da-4677-8056-3f6240b6755f,0.02,0.07,0.03,0.03,0,-0.06,-0.02,0,0,0,1,0,0,0,0,0,0,0,0,0,0,0,0,0,1,,0.03,0.03,0
2025-09-07T18:42:54.928000Z,2e702754-12da-4677-8056-3f6240b6755f,0.01,0.08,-0.07,0.25,0,-0.03,-0.06,0.05,0,0,1,0,0,0,0,0,0,0,0,0,0,0,0,0,1,,-0.07,0.25,0
2025-09-07T18:42:54.954000Z,2e702754-12da-4677-8056-3f6240b6755f,0.02,0.08,0.13,0.04,0,-0.05,-0.02,0.03,0,0,1,0,0,0,0,0,0,0,0,0,0,0,0,0,1,,0.13,0.04,0
2025-09-07T18:42:54.970000Z,2e702754-12da-4677-8056-3f6240b6755f,0.02,0.08,0.04,0.01,0,-0.05,-0.09,0.06,0,0,1,0,0,0,0,0,0,0,0,0,0,0,0,0,1,,0.04,0.01,0
2025-09-07T18:42:54.996000Z,2e702754-12da-4677-8056-3f6240b6755f,0.02,0.08,0.07,0.1,0,-0.06,0,0.02,0,0,1,0,0,0,0,0,0,0,0,0,0,0,0,0,1,,0.07,0.1,0
2025-09-07T18:42:55.011000Z,2e702754-12da-4677-8056-3f6240b6755f,0.02,0.08,0.06,0.1,0,-0.03,0.02,0.02,0,0,1,0,0,0,0,0,0,0,0,0,0,0,0,0,1,,0.06,0.1,0
2025-09-07T18:42:55.031000Z,2e702754-12da-4677-8056-3f6240b6755f,0.02,0.09,-0.06,0.14,0,-0.06,0,-0.02,0,0,1,0,0,0,0,0,0,0,0,0,0,0,0,0,1,,-0.06,0.14,0
2025-09-07T18:42:55.054000Z,2e702754-12da-4677-8056-3f6240b6755f,0.02,0.09,0.06,0.11,0,-0.05,0,0.02,0,0,1,0,0,0,0,0,0,0,0,0,0,0,0,0,1,,0.06,0.11,0
2025-09-07T18:42:55.076000Z,2e702754-12da-4677-8056-3f6240b6755f,0.02,0.09,0.04,0.04,0,-0.02,0,0,0,0,1,0,0,0,0,0,0,0,0,0,0,0,0,0,1,,0.04,0.04,0
2025-09-07T18:42:55.098000Z,2e702754-12da-4677-8056-3f6240b6755f,0.02,0.09,-0.03,0.07,0,-0.03,-0.02,0.02,0,0,1,0,0,0,0,0,0,0,0,0,0,0,0,0,1,,-0.03,0.07,0
2025-09-07T18:42:55.122000Z,2e702754-12da-4677-8056-3f6240b6755f,0.02,0.09,0.07,0.1,0,-0.03,-0.03,0.03,0,0,1,0,0,0,0,0,0,0,0,0,0,0,0,0,1,,0.07,0.1,0
2025-09-07T18:42:55.143000Z,2e702754-12da-4677-8056-3f6240b6755f,0.02,0.09,-0.06,0.03,0,-0.06,-0.06,0.02,0,0,1,0,0,0,0,0,0,0,0,0,0,0,0,0,1,,-0.06,0.03,0
2025-09-07T18:42:55.166000Z,2e702754-12da-4677-8056-3f6240b6755f,0.02,0.09,0.03,0.17,0,-0.02,-0.03,0.05,0,0,1,0,0,0,0,0,0,0,0,0,0,0,0,0,1,,0.03,0.17,0
2025-09-07T18:42:55.190000Z,2e702754-12da-4677-8056-3f6240b6755f,0.01,0.09,0.06,0.06,0,-0.05,-0.06,0.02,0,0,1,0,0,0,0,0,0,0,0,0,0,0,0,0,1,,0.06,0.06,0
2025-09-07T18:42:55.209000Z,2e702754-12da-4677-8056-3f6240b6755f,0.02,0.09,-0.06,0.11,0,-0.03,-0.06,0.06,0,0,1,0,0,0,0,0,0,0,0,0,0,0,0,0,1,,-0.06,0.11,0
2025-09-07T18:42:55.228000Z,2e702754-12da-4677-8056-3f6240b6755f,0.01,0.09,0,-0.07,0,-0.06,-0.02,-0.03,0,0,1,0,0,0,0,0,0,0,0,0,0,0,0,0,1,,0,-0.07,0
2025-09-07T18:42:55.258000Z,2e702754-12da-4677-8056-3f6240b6755f,0.01,0.08,-0.04,0.07,0,0,-0.06,0.02,0,0,1,0,0,0,0,0,0,0,0,0,0,0,0,0,1,,-0.04,0.07,0
2025-09-07T18:42:55.278000Z,2e702754-12da-4677-8056-3f6240b6755f,0.01,0.08,0.01,0.08,0,-0.05,0,0.02,0,0,1,0,0,0,0,0,0,0,0,0,0,0,0,0,1,,0.01,0.08,0
2025-09-07T18:42:55.294000Z,2e702754-12da-4677-8056-3f6240b6755f,0.01,0.08,0.04,0.03,0,-0.05,-0.02,0.02,0,0,1,0,0,0,0,0,0,0,0,0,0,0,0,0,1,,0.04,0.03,0
2025-09-07T18:42:55.318000Z,2e702754-12da-4677-8056-3f6240b6755f,0.01,0.08,0,0.18,0,-0.06,-0.03,-0.02,0,0,1,0,0,0,0,0,0,0,0,0,0,0,0,0,1,,0,0.18,0
2025-09-07T18:42:55.343000Z,2e702754-12da-4677-8056-3f6240b6755f,0.02,0.09,0.06,0.08,0,-0.05,0.02,0.02,0,0,1,0,0,0,0,0,0,0,0,0,0,0,0,0,1,,0.06,0.08,0
2025-09-07T18:42:55.360000Z,2e702754-12da-4677-8056-3f6240b6755f,0.01,0.09,0,0.13,0,-0.03,0,0,0,0,1,0,0,0,0,0,0,0,0,0,0,0,0,0,1,,0,0.13,0
2025-09-07T18:42:55.381000Z,2e702754-12da-4677-8056-3f6240b6755f,0.01,0.09,-0.04,-0.03,0,-0.05,-0.02,-0.02,0,0,1.01,0,0,0,0,0,0,0,0,0,0,0,0,0,1,,-0.04,-0.03,0
2025-09-07T18:42:55.403000Z,2e702754-12da-4677-8056-3f6240b6755f,0.02,0.09,0.13,0.14,0,0,-0.06,0.03,0,0,1,0,0,0,0,0,0,0,0,0,0,0,0,0,1,,0.13,0.14,0
2025-09-07T18:42:55.430000Z,2e702754-12da-4677-8056-3f6240b6755f,0.02,0.08,-0.03,-0.07,0,0,-0.06,0.05,0,0,1,0,0,0,0,0,0,0,0,0,0,0,0,0,1,,-0.03,-0.07,0
2025-09-07T18:42:55.450000Z,2e702754-12da-4677-8056-3f6240b6755f,0.02,0.08,-0.01,0.11,0,-0.02,-0.03,0.05,0,0,1,0,0,0,0,0,0,0,0,0,0,0,0,0,1,,-0.01,0.11,0
2025-09-07T18:42:55.463000Z,2e702754-12da-4677-8056-3f6240b6755f,0.01,0.07,-0.01,0.01,0,0.03,-0.08,-0.02,0,0,1,0,0,0,0,0,0,0,0,0,0,0,0,0,1,,-0.01,0.01,0
2025-09-07T18:42:55.488000Z,2e702754-12da-4677-8056-3f6240b6755f,0.02,0.08,-0.03,0.2,0,-0.02,-0.05,0.02,0,0,1,0,0,0,0,0,0,0,0,0,0,0,0,0,1,,-0.03,0.2,0
2025-09-07T18:42:55.515000Z,2e702754-12da-4677-8056-3f6240b6755f,0.02,0.07,0.01,0.08,0,-0.06,-0.03,0.02,0,0,1,0,0,0,0,0,0,0,0,0,0,0,0,0,1,,0.01,0.08,0
2025-09-07T18:42:55.532000Z,2e702754-12da-4677-8056-3f6240b6755f,0.01,0.08,0.03,0.11,0,-0.03,-0.05,0.03,0,0,1,0,0,0,0,0,0,0,0,0,0,0,0,0,1,,0.03,0.11,0
2025-09-07T18:42:55.553000Z,2e702754-12da-4677-8056-3f6240b6755f,0.01,0.08,0.03,0.13,0,-0.05,-0.02,0.02,0,0,1,0,0,0,0,0,0,0,0,0,0,0,0,0,1,,0.03,0.13,0
2025-09-07T18:42:55.572000Z,2e702754-12da-4677-8056-3f6240b6755f,0.01,0.08,0.06,0.03,0,0,-0.03,0.02,0,0,1,0,0,0,0,0,0,0,0,0,0,0,0,0,1,,0.06,0.03,0
2025-09-07T18:42:55.594000Z,2e702754-12da-4677-8056-3f6240b6755f,0.01,0.08,0,0.14,0,-0.05,0.03,0.08,0,0,1,0,0,0,0,0,0,0,0,0,0,0,0,0,1,,0,0.14,0
2025-09-07T18:42:55.615000Z,2e702754-12da-4677-8056-3f6240b6755f,0.02,0.08,0.1,0.06,0,-0.03,-0.05,0.06,0,0,1,0,0,0,0,0,0,0,0,0,0,0,0,0,1,,0.1,0.06,0
2025-09-07T18:42:55.646000Z,2e702754-12da-4677-8056-3f6240b6755f,0.02,0.08,-0.03,0.11,0,-0.02,-0.03,0.03,0,0,1,0,0,0,0,0,0,0,0,0,0,0,0,0,1,,-0.03,0.11,0
2025-09-07T18:42:55.669000Z,2e702754-12da-4677-8056-3f6240b6755f,0.02,0.08,0.06,0,0,-0.05,-0.05,0.03,0,0,1,0,0,0,0,0,0,0,0,0,0,0,0,0,1,,0.06,0,0
2025-09-07T18:42:55.681000Z,2e702754-12da-4677-8056-3f6240b6755f,0.01,0.07,-0.04,0.06,0,-0.02,-0.05,-0.02,0,0,1,0,0,0,0,0,0,0,0,0,0,0,0,0,1,,-0.04,0.06,0
2025-09-07T18:42:55.703000Z,2e702754-12da-4677-8056-3f6240b6755f,0.01,0.07,-0.07,-0.06,0,-0.02,-0.03,0,0,0,1,0,0,0,0,0,0,0,0,0,0,0,0,0,1,,-0.07,-0.06,0
2025-09-07T18:42:55.721000Z,2e702754-12da-4677-8056-3f6240b6755f,0.01,0.07,0.11,0.15,0,-0.02,-0.03,0,0,0,1,0,0,0,0,0,0,0,0,0,0,0,0,0,1,,0.11,0.15,0
2025-09-07T18:42:55.746000Z,2e702754-12da-4677-8056-3f6240b6755f,0.01,0.07,-0.03,-0.01,0,-0.06,0,0,0,0,1,0,0,0,0,0,0,0,0,0,0,0,0,0,1,,-0.03,-0.01,0
2025-09-07T18:42:55.764000Z,2e702754-12da-4677-8056-3f6240b6755f,0.01,0.07,-0.03,0.19,0,-0.05,-0.02,0.03,0,0,1,0,0,0,0,0,0,0,0,0,0,0,0,0,1,,-0.03,0.19,0
2025-09-07T18:42:55.786000Z,2e702754-12da-4677-8056-3f6240b6755f,0,0.07,0.04,0.07,0,-0.09,-0.03,0,0,0,1,0,0,0,0,0,0,0,0,0,0,0,0,0,1,,0.04,0.07,0
2025-09-07T18:42:55.811000Z,2e702754-12da-4677-8056-3f6240b6755f,0,0.08,-0.03,0.1,0,-0.05,-0.08,0.03,0,0,1,0,0,0,0,0,0,0,0,0,0,0,0,0,1,,-0.03,0.1,0
2025-09-07T18:42:55.857000Z,2e702754-12da-4677-8056-3f6240b6755f,0.01,0.08,0.1,0.17,0,-0.02,-0.03,0.03,0,0,1,0,0,0,0,0,0,0,0,0,0,0,0,0,1,,0.1,0.17,0
2025-09-07T18:42:55.858000Z,2e702754-12da-4677-8056-3f6240b6755f,0.01,0.08,0.06,-0.03,0,0.02,-0.03,0,0,0,1,0,0,0,0,0,0,0,0,0,0,0,0,0,1,,0.06,-0.03,0
2025-09-07T18:42:55.879000Z,2e702754-12da-4677-8056-3f6240b6755f,0.01,0.07,0.06,0.11,0,-0.06,-0.03,0.03,0,0,1,0,0,0,0,0,0,0,0,0,0,0,0,0,1,,0.06,0.11,0
2025-09-07T18:42:55.898000Z,2e702754-12da-4677-8056-3f6240b6755f,0.01,0.07,0.08,0,0,0.02,-0.06,0.03,0,0,1,0,0,0,0,0,0,0,0,0,0,0,0,0,1,,0.08,0,0
2025-09-07T18:42:55.919000Z,2e702754-12da-4677-8056-3f6240b6755f,0.01,0.07,-0.04,0.14,0,-0.02,-0.05,0.05,0,0,1,0,0,0,0,0,0,0,0,0,0,0,0,0,1,,-0.04,0.14,0
2025-09-07T18:42:55.941000Z,2e702754-12da-4677-8056-3f6240b6755f,0.01,0.07,0,0.08,0,-0.02,-0.02,0.03,0,0,1,0,0,0,0,0,0,0,0,0,0,0,0,0,1,,0,0.08,0
2025-09-07T18:42:55.957000Z,2e702754-12da-4677-8056-3f6240b6755f,0.01,0.08,-0.03,0.13,0,0,-0.02,0.03,0,0,1,0,0,0,0,0,0,0,0,0,0,0,0,0,1,,-0.03,0.13,0
2025-09-07T18:42:55.981000Z,2e702754-12da-4677-8056-3f6240b6755f,0.01,0.08,-0.08,0.04,0,-0.02,0,0.02,0,0,1,0,0,0,0,0,0,0,0,0,0,0,0,0,1,,-0.08,0.04,0
2025-09-07T18:42:56.006000Z,2e702754-12da-4677-8056-3f6240b6755f,0,0.08,-0.01,0.08,0,0,-0.02,-0.02,0,0,1,0,0,0,0,0,0,0,0,0,0,0,0,0,1,,-0.01,0.08,0
2025-09-07T18:42:56.026000Z,2e702754-12da-4677-8056-3f6240b6755f,0,0.07,0.01,0.04,0,0,-0.02,0,0,0,1,0,0,0,0,0,0,0,0,0,0,0,0,0,1,,0.01,0.04,0
2025-09-07T18:42:56.059000Z,2e702754-12da-4677-8056-3f6240b6755f,0.01,0.08,-0.01,0.14,0,0,-0.05,0.05,0,0,1,0,0,0,0,0,0,0,0,0,0,0,0,0,1,,-0.01,0.14,0
2025-09-07T18:42:56.080000Z,2e702754-12da-4677-8056-3f6240b6755f,0.01,0.08,0.11,0.18,0,0.02,-0.05,0.03,0,0,1,0,0,0,0,0,0,0,0,0,0,0,0,0,1,,0.11,0.18,0
2025-09-07T18:42:56.103000Z,2e702754-12da-4677-8056-3f6240b6755f,0.01,0.09,-0.06,0.11,0,0.03,-0.09,0.05,0,0,1,0,0,0,0,0,0,0,0,0,0,0,0,0,1,,-0.06,0.11,0
2025-09-07T18:42:56.116000Z,2e702754-12da-4677-8056-3f6240b6755f,0.01,0.09,0.06,0.25,0,0.02,-0.03,0.03,0,0,1,0,0,0,0,0,0,0,0,0,0,0,0,0,1,,0.06,0.25,0
2025-09-07T18:42:56.141000Z,2e702754-12da-4677-8056-3f6240b6755f,0.01,0.09,0.07,-0.01,0,-0.05,-0.06,0.03,0,0,1,0,0,0,0,0,0,0,0,0,0,0,0,0,1,,0.07,-0.01,0
2025-09-07T18:42:56.162000Z,2e702754-12da-4677-8056-3f6240b6755f,0.02,0.09,-0.01,0.08,0,0.02,-0.06,0.05,0,0,1.01,0,0,0,0,0,0,0,0,0,0,0,0,0,1,,-0.01,0.08,0
2025-09-07T18:42:56.181000Z,2e702754-12da-4677-8056-3f6240b6755f,0.02,0.09,0.11,-0.06,0,-0.03,-0.03,0.02,0,0,1,0,0,0,0,0,0,0,0,0,0,0,0,0,1,,0.11,-0.06,0
2025-09-07T18:42:56.203000Z,2e702754-12da-4677-8056-3f6240b6755f,0.02,0.08,-0.03,0.06,0,0.02,-0.05,0.06,0,0,1,0,0,0,0,0,0,0,0,0,0,0,0,0,1,,-0.03,0.06,0
2025-09-07T18:42:56.223000Z,2e702754-12da-4677-8056-3f6240b6755f,0.01,0.08,-0.08,0.13,0,-0.02,0,0,0,0,1,0,0,0,0,0,0,0,0,0,0,0,0,0,1,,-0.08,0.13,0
2025-09-07T18:42:56.258000Z,2e702754-12da-4677-8056-3f6240b6755f,0.01,0.08,0.03,0.01,0,-0.03,-0.03,0.02,0,0,1,0,0,0,0,0,0,0,0,0,0,0,0,0,1,,0.03,0.01,0
2025-09-07T18:42:56.272000Z,2e702754-12da-4677-8056-3f6240b6755f,0,0.09,-0.13,0.19,0,-0.02,-0.05,0.03,0,0,1.01,0,0,0,0,0,0,0,0,0,0,0,0,0,1,,-0.13,0.19,0
2025-09-07T18:42:56.291000Z,2e702754-12da-4677-8056-3f6240b6755f,0,0.09,0.04,0.08,0,0.02,-0.03,0.02,0,0,1,0,0,0,0,0,0,0,0,0,0,0,0,0,1,,0.04,0.08,0
2025-09-07T18:42:56.312000Z,2e702754-12da-4677-8056-3f6240b6755f,0,0.09,0.08,0.08,0,0.05,-0.03,0.05,0,0,1,0,0,0,0,0,0,0,0,0,0,0,0,0,1,,0.08,0.08,0
2025-09-07T18:42:56.336000Z,2e702754-12da-4677-8056-3f6240b6755f,0.01,0.09,-0.06,0.04,0,0,-0.03,0.03,0,0,1,0,0,0,0,0,0,0,0,0,0,0,0,0,1,,-0.06,0.04,0
2025-09-07T18:42:56.360000Z,2e702754-12da-4677-8056-3f6240b6755f,0.01,0.09,0.07,0.15,0,0.02,-0.02,0.02,0,0,1,0,0,0,0,0,0,0,0,0,0,0,0,0,1,,0.07,0.15,0
2025-09-07T18:42:56.379000Z,2e702754-12da-4677-8056-3f6240b6755f,0.01,0.09,-0.04,0.08,0,-0.03,-0.02,0.03,0,0,1,0,0,0,0,0,0,0,0,0,0,0,0,0,1,,-0.04,0.08,0
2025-09-07T18:42:56.402000Z,2e702754-12da-4677-8056-3f6240b6755f,0.01,0.1,-0.04,0.17,0,-0.02,0,0.09,0,0,1,0,0,0,0,0,0,0,0,0,0,0,0,0,1,,-0.04,0.17,0
2025-09-07T18:42:56.430000Z,2e702754-12da-4677-8056-3f6240b6755f,0.01,0.09,0.06,0.03,0,-0.08,-0.06,0.03,0,0,1,0,0,0,0,0,0,0,0,0,0,0,0,0,1,,0.06,0.03,0
2025-09-07T18:42:56.446000Z,2e702754-12da-4677-8056-3f6240b6755f,0,0.1,-0.11,0.22,0,-0.06,-0.05,0.05,0,0,1,0,0,0,0,0,0,0,0,0,0,0,0,0,1,,-0.11,0.22,0
2025-09-07T18:42:56.474000Z,2e702754-12da-4677-8056-3f6240b6755f,0,0.1,0.01,0.18,0,-0.06,-0.02,-0.03,0,0,1,0,0,0,0,0,0,0,0,0,0,0,0,0,1,,0.01,0.18,0
2025-09-07T18:42:56.489000Z,2e702754-12da-4677-8056-3f6240b6755f,-0.01,0.11,-0.1,0.15,0,-0.03,-0.05,0.03,0,0,1,0,0,0,0,0,0,0,0,0,0,0,0,0,1,,-0.1,0.15,0
2025-09-07T18:42:56.516000Z,2e702754-12da-4677-8056-3f6240b6755f,-0.01,0.11,-0.06,0.17,0,-0.05,0,0.03,0,0,1,0,0,0,0,0,0,0,0,0,0,0,0,0,1,,-0.06,0.17,0
2025-09-07T18:42:56.532000Z,2e702754-12da-4677-8056-3f6240b6755f,-0.01,0.11,0,0.01,0,-0.05,-0.09,0.03,0,0,1,0,0,0,0,0,0,0,0,0,0,0,0,0,1,,0,0.01,0
2025-09-07T18:42:56.553000Z,2e702754-12da-4677-8056-3f6240b6755f,-0.01,0.1,-0.03,0.11,0,-0.02,-0.05,0.02,0,0,1,0,0,0,0,0,0,0,0,0,0,0,0,0,1,,-0.03,0.11,0
2025-09-07T18:42:56.577000Z,2e702754-12da-4677-8056-3f6240b6755f,-0.01,0.1,0.03,0.01,0,-0.06,-0.05,0.02,0,0,1,0,0,0,0,0,0,0,0,0,0,0,0,0,1,,0.03,0.01,0
2025-09-07T18:42:56.600000Z,2e702754-12da-4677-8056-3f6240b6755f,0,0.1,0.11,0.1,0,0,-0.09,0.05,0,0,1,0,0,0,0,0,0,0,0,0,0,0,0,0,1,,0.11,0.1,0
2025-09-07T18:42:56.617000Z,2e702754-12da-4677-8056-3f6240b6755f,0,0.09,-0.03,-0.03,0,-0.02,0,-0.02,0,0,1,0,0,0,0,0,0,0,0,0,0,0,0,0,1,,-0.03,-0.03,0
2025-09-07T18:42:56.636000Z,2e702754-12da-4677-8056-3f6240b6755f,0.01,0.09,0.11,0.18,0,0,-0.02,0.03,0,0,1,0,0,0,0,0,0,0,0,0,0,0,0,0,1,,0.11,0.18,0
2025-09-07T18:42:56.670000Z,2e702754-12da-4677-8056-3f6240b6755f,0.01,0.09,-0.1,0,0,-0.02,0,0.03,0,0,1,0,0,0,0,0,0,0,0,0,0,0,0,0,1,,-0.1,0,0
2025-09-07T18:42:56.680000Z,2e702754-12da-4677-8056-3f6240b6755f,0.01,0.1,0,0.15,0,0,0.02,0.06,0,0,1,0,0,0,0,0,0,0,0,0,0,0,0,0,1,,0,0.15,0
2025-09-07T18:42:56.716000Z,2e702754-12da-4677-8056-3f6240b6755f,0.01,0.1,0,0.07,0,-0.02,0,-0.02,0,0,1,0,0,0,0,0,0,0,0,0,0,0,0,0,1,,0,0.07,0
2025-09-07T18:42:56.727000Z,2e702754-12da-4677-8056-3f6240b6755f,0,0.1,-0.11,0.11,0,-0.03,-0.06,0.05,0,0,1,0,0,0,0,0,0,0,0,0,0,0,0,0,1,,-0.11,0.11,0
2025-09-07T18:42:56.744000Z,2e702754-12da-4677-8056-3f6240b6755f,0,0.1,0.06,0.17,0,0,-0.06,-0.02,0,0,1,0,0,0,0,0,0,0,0,0,0,0,0,0,1,,0.06,0.17,0
2025-09-07T18:42:56.769000Z,2e702754-12da-4677-8056-3f6240b6755f,0,0.1,-0.04,0.07,0,-0.02,-0.03,0,0,0,1,0,0,0,0,0,0,0,0,0,0,0,0,0,1,,-0.04,0.07,0
2025-09-07T18:42:56.798000Z,2e702754-12da-4677-8056-3f6240b6755f,0,0.11,0.01,0.17,0,-0.02,-0.05,0.06,0,0,1,0,0,0,0,0,0,0,0,0,0,0,0,0,1,,0.01,0.17,0
2025-09-07T18:42:56.817000Z,2e702754-12da-4677-8056-3f6240b6755f,0,0.1,0.06,-0.01,0,0,-0.03,0.03,0,0,1,0,0,0,0,0,0,0,0,0,0,0,0,0,1,,0.06,-0.01,0
2025-09-07T18:42:56.832000Z,2e702754-12da-4677-8056-3f6240b6755f,0.01,0.09,-0.01,0.07,0,-0.03,-0.02,0.06,0,0,1,0,0,0,0,0,0,0,0,0,0,0,0,0,1,,-0.01,0.07,0
2025-09-07T18:42:56.853000Z,2e702754-12da-4677-8056-3f6240b6755f,0.01,0.09,0.03,0.04,0,-0.03,0.05,0.02,0,0,1,0,0,0,0,0,0,0,0,0,0,0,0,0,1,,0.03,0.04,0
2025-09-07T18:42:56.872000Z,2e702754-12da-4677-8056-3f6240b6755f,0.01,0.09,-0.1,0.1,0,0.02,-0.02,0,0,0,1,0,0,0,0,0,0,0,0,0,0,0,0,0,1,,-0.1,0.1,0
2025-09-07T18:42:56.900000Z,2e702754-12da-4677-8056-3f6240b6755f,0,0.09,-0.11,0,0,-0.02,-0.02,0.02,0,0,1,0,0,0,0,0,0,0,0,0,0,0,0,0,1,,-0.11,0,0
2025-09-07T18:42:56.920000Z,2e702754-12da-4677-8056-3f6240b6755f,0,0.09,0.03,0.13,0,-0.02,0,0.03,0,0,1,0,0,0,0,0,0,0,0,0,0,0,0,0,1,,0.03,0.13,0
2025-09-07T18:42:56.939000Z,2e702754-12da-4677-8056-3f6240b6755f,-0.01,0.09,-0.1,0.04,0,-0.03,-0.02,0,0,0,1,0,0,0,0,0,0,0,0,0,0,0,0,0,1,,-0.1,0.04,0
2025-09-07T18:42:56.958000Z,2e702754-12da-4677-8056-3f6240b6755f,-0.01,0.09,-0.07,0.24,0,-0.03,-0.05,0.05,0,0,1,0,0,0,0,0,0,0,0,0,0,0,0,0,1,,-0.07,0.24,0
2025-09-07T18:42:56.991000Z,2e702754-12da-4677-8056-3f6240b6755f,-0.02,0.09,0,0.01,0,-0.08,0,0,0,0,1,0,0,0,0,0,0,0,0,0,0,0,0,0,1,,0,0.01,0
2025-09-07T18:42:57.001000Z,2e702754-12da-4677-8056-3f6240b6755f,-0.02,0.09,-0.01,0.13,0,-0.03,-0.06,0.06,0,0,1,0,0,0,0,0,0,0,0,0,0,0,0,0,1,,-0.01,0.13,0
2025-09-07T18:42:57.029000Z,2e702754-12da-4677-8056-3f6240b6755f,-0.02,0.09,0.03,0.13,0,-0.03,-0.05,0,0,0,1,0,0,0,0,0,0,0,0,0,0,0,0,0,1,,0.03,0.13,0
2025-09-07T18:42:57.046000Z,2e702754-12da-4677-8056-3f6240b6755f,-0.02,0.08,0.01,-0.11,0,0,0.02,0.02,0,0,1,0,0,0,0,0,0,0,0,0,0,0,0,0,1,,0.01,-0.11,0
2025-09-07T18:42:57.065000Z,2e702754-12da-4677-8056-3f6240b6755f,-0.01,0.08,0.08,0.18,0,0.02,-0.03,0.02,0,0,1,0,0,0,0,0,0,0,0,0,0,0,0,0,1,,0.08,0.18,0
2025-09-07T18:42:57.092000Z,2e702754-12da-4677-8056-3f6240b6755f,-0.01,0.08,0.01,-0.03,0,-0.02,-0.06,0.03,0,0,1,0,0,0,0,0,0,0,0,0,0,0,0,0,1,,0.01,-0.03,0
2025-09-07T18:42:57.111000Z,2e702754-12da-4677-8056-3f6240b6755f,0,0.09,0,0.24,0,-0.05,0,0.02,0,0,1,0,0,0,0,0,0,0,0,0,0,0,0,0,1,,0,0.24,0
2025-09-07T18:42:57.141000Z,2e702754-12da-4677-8056-3f6240b6755f,0,0.09,0.08,0.13,0,-0.02,0.02,-0.02,0,0,1,0,0,0,0,0,0,0,0,0,0,0,0,0,1,,0.08,0.13,0
2025-09-07T18:42:57.156000Z,2e702754-12da-4677-8056-3f6240b6755f,0,0.09,-0.04,0.14,0,0,-0.05,0.03,0,0,1,0,0,0,0,0,0,0,0,0,0,0,0,0,1,,-0.04,0.14,0
2025-09-07T18:42:57.179000Z,2e702754-12da-4677-8056-3f6240b6755f,0,0.09,0,0.08,0,-0.05,-0.05,0.02,0,0,1,0,0,0,0,0,0,0,0,0,0,0,0,0,1,,0,0.08,0
2025-09-07T18:42:57.194000Z,2e702754-12da-4677-8056-3f6240b6755f,0,0.09,-0.03,0.1,0,-0.02,-0.09,0.02,0,0,1,0,0,0,0,0,0,0,0,0,0,0,0,0,1,,-0.03,0.1,0
2025-09-07T18:42:57.226000Z,2e702754-12da-4677-8056-3f6240b6755f,-0.01,0.09,-0.14,0.07,0,-0.03,-0.02,0.02,0,0,1,0,0,0,0,0,0,0,0,0,0,0,0,0,1,,-0.14,0.07,0
2025-09-07T18:42:57.239000Z,2e702754-12da-4677-8056-3f6240b6755f,-0.01,0.09,0.07,0.14,0,-0.03,-0.03,0.03,0,0,1,0,0,0,0,0,0,0,0,0,0,0,0,0,1,,0.07,0.14,0
2025-09-07T18:42:57.263000Z,2e702754-12da-4677-8056-3f6240b6755f,-0.01,0.09,0.04,-0.01,0,-0.03,-0.06,0,0,0,1,0,0,0,0,0,0,0,0,0,0,0,0,0,1,,0.04,-0.01,0
2025-09-07T18:42:57.295000Z,2e702754-12da-4677-8056-3f6240b6755f,0,0.09,0.08,0.07,0,-0.03,-0.06,0.02,0,0,1,0,0,0,0,0,0,0,0,0,0,0,0,0,1,,0.08,0.07,0
2025-09-07T18:42:57.310000Z,2e702754-12da-4677-8056-3f6240b6755f,0.01,0.08,0.17,0.04,0,-0.03,0,0,0,0,1,0,0,0,0,0,0,0,0,0,0,0,0,0,1,,0.17,0.04,0
2025-09-07T18:42:57.328000Z,2e702754-12da-4677-8056-3f6240b6755f,0.01,0.08,-0.06,0.01,0,-0.06,0,0.02,0,0,1,0,0,0,0,0,0,0,0,0,0,0,0,0,1,,-0.06,0.01,0
2025-09-07T18:42:57.352000Z,2e702754-12da-4677-8056-3f6240b6755f,0.01,0.09,-0.07,0.22,0,0.02,0,0.05,0,0,1,0,0,0,0,0,0,0,0,0,0,0,0,0,1,,-0.07,0.22,0
2025-09-07T18:42:57.373000Z,2e702754-12da-4677-8056-3f6240b6755f,0,0.09,0.03,-0.07,0,-0.06,-0.02,0.02,0,0,1,0,0,0,0,0,0,0,0,0,0,0,0,0,1,,0.03,-0.07,0
2025-09-07T18:42:57.396000Z,2e702754-12da-4677-8056-3f6240b6755f,0,0.09,-0.14,0.1,0,0,-0.09,0.05,0,0,1,0,0,0,0,0,0,0,0,0,0,0,0,0,1,,-0.14,0.1,0
2025-09-07T18:42:57.418000Z,2e702754-12da-4677-8056-3f6240b6755f,0,0.08,0.01,0.01,0,-0.03,-0.03,0,0,0,1,0,0,0,0,0,0,0,0,0,0,0,0,0,1,,0.01,0.01,0
2025-09-07T18:42:57.439000Z,2e702754-12da-4677-8056-3f6240b6755f,-0.01,0.08,-0.03,0.11,0,0.03,-0.03,0.09,0,0,1,0,0,0,0,0,0,0,0,0,0,0,0,0,1,,-0.03,0.11,0
2025-09-07T18:42:57.468000Z,2e702754-12da-4677-8056-3f6240b6755f,-0.01,0.08,-0.04,0.08,0,0,0,0.03,0,0,1,0,0,0,0,0,0,0,0,0,0,0,0,0,1,,-0.04,0.08,0
2025-09-07T18:42:57.480000Z,2e702754-12da-4677-8056-3f6240b6755f,-0.01,0.08,0.07,0.13,0,0.02,-0.05,0.03,0,0,1.01,0,0,0,0,0,0,0,0,0,0,0,0,0,1,,0.07,0.13,0
2025-09-07T18:42:57.504000Z,2e702754-12da-4677-8056-3f6240b6755f,0,0.08,-0.01,0.1,0,0,-0.03,0.03,0,0,1,0,0,0,0,0,0,0,0,0,0,0,0,0,1,,-0.01,0.1,0
2025-09-07T18:42:57.528000Z,2e702754-12da-4677-8056-3f6240b6755f,0.01,0.08,0.08,-0.03,0,0.02,0.02,0.02,0,0,1,0,0,0,0,0,0,0,0,0,0,0,0,0,1,,0.08,-0.03,0
2025-09-07T18:42:57.547000Z,2e702754-12da-4677-8056-3f6240b6755f,0.01,0.07,0.08,0.04,0,0.03,-0.09,0.02,0,0,1,0,0,0,0,0,0,0,0,0,0,0,0,0,1,,0.08,0.04,0
2025-09-07T18:42:57.566000Z,2e702754-12da-4677-8056-3f6240b6755f,0.01,0.07,-0.11,0.01,0,0,-0.05,0.05,0,0,1,0,0,0,0,0,0,0,0,0,0,0,0,0,1,,-0.11,0.01,0
2025-09-07T18:42:57.611000Z,2e702754-12da-4677-8056-3f6240b6755f,0.01,0.07,0.1,0.15,0,0.02,-0.03,0.05,0,0,1,0,0,0,0,0,0,0,0,0,0,0,0,0,1,,0.1,0.15,0
2025-09-07T18:42:57.631000Z,2e702754-12da-4677-8056-3f6240b6755f,0.01,0.07,-0.14,0.08,0,-0.05,-0.02,0.03,0,0,1,0,0,0,0,0,0,0,0,0,0,0,0,0,1,,-0.14,0.08,0
2025-09-07T18:42:57.640000Z,2e702754-12da-4677-8056-3f6240b6755f,0,0.08,-0.03,0.18,0,0.02,-0.05,0.05,0,0,1,0,0,0,0,0,0,0,0,0,0,0,0,0,1,,-0.03,0.18,0
2025-09-07T18:42:57.674000Z,2e702754-12da-4677-8056-3f6240b6755f,0,0.08,-0.01,0.08,0,-0.02,-0.02,0.03,0,0,1,0,0,0,0,0,0,0,0,0,0,0,0,0,1,,-0.01,0.08,0
2025-09-07T18:42:57.678000Z,2e702754-12da-4677-8056-3f6240b6755f,0,0.08,-0.01,0.06,0,-0.02,-0.05,0.05,0,0,1,0,0,0,0,0,0,0,0,0,0,0,0,0,1,,-0.01,0.06,0
2025-09-07T18:42:57.702000Z,2e702754-12da-4677-8056-3f6240b6755f,0.01,0.08,0.15,0.14,0,-0.03,0.02,0.02,0,0,1,0,0,0,0,0,0,0,0,0,0,0,0,0,1,,0.15,0.14,0
2025-09-07T18:42:57.726000Z,2e702754-12da-4677-8056-3f6240b6755f,0.02,0.08,0.1,-0.03,0,-0.03,0,0.05,0,0,1,0,0,0,0,0,0,0,0,0,0,0,0,0,1,,0.1,-0.03,0
2025-09-07T18:42:57.743000Z,2e702754-12da-4677-8056-3f6240b6755f,0.02,0.08,-0.04,0.15,0,-0.02,0.05,0.06,0,0,1,0,0,0,0,0,0,0,0,0,0,0,0,0,1,,-0.04,0.15,0
2025-09-07T18:42:57.770000Z,2e702754-12da-4677-8056-3f6240b6755f,0.02,0.08,0.13,0.07,0,-0.05,-0.03,0.03,0,0,1,0,0,0,0,0,0,0,0,0,0,0,0,0,1,,0.13,0.07,0
2025-09-07T18:42:57.790000Z,2e702754-12da-4677-8056-3f6240b6755f,0.02,0.08,0.01,0.1,0,0.02,-0.02,0.02,0,0,1,0,0,0,0,0,0,0,0,0,0,0,0,0,1,,0.01,0.1,0
2025-09-07T18:42:57.813000Z,2e702754-12da-4677-8056-3f6240b6755f,0.02,0.08,-0.04,0.04,0,-0.02,0,0.02,0,0,1,0,0,0,0,0,0,0,0,0,0,0,0,0,1,,-0.04,0.04,0
2025-09-07T18:42:57.832000Z,2e702754-12da-4677-8056-3f6240b6755f,0.02,0.09,0.04,0.21,0,-0.05,-0.06,0.05,0,0,1,0,0,0,0,0,0,0,0,0,0,0,0,0,1,,0.04,0.21,0
2025-09-07T18:42:57.858000Z,2e702754-12da-4677-8056-3f6240b6755f,0.02,0.09,-0.04,0.11,0,-0.03,0,-0.03,0,0,1,0,0,0,0,0,0,0,0,0,0,0,0,0,1,,-0.04,0.11,0
2025-09-07T18:42:57.878000Z,2e702754-12da-4677-8056-3f6240b6755f,0.02,0.1,0.01,0.28,0,-0.03,-0.03,0.05,0,0,1,0,0,0,0,0,0,0,0,0,0,0,0,0,1,,0.01,0.28,0
2025-09-07T18:42:57.898000Z,2e702754-12da-4677-8056-3f6240b6755f,0.01,0.1,0.03,0.07,0,-0.05,0.02,0,0,0,1,0,0,0,0,0,0,0,0,0,0,0,0,0,1,,0.03,0.07,0
2025-09-07T18:42:57.922000Z,2e702754-12da-4677-8056-3f6240b6755f,0.01,0.1,-0.1,0.1,0,-0.06,-0.08,0.05,0,0,1,0,0,0,0,0,0,0,0,0,0,0,0,0,1,,-0.1,0.1,0
2025-09-07T18:42:57.939000Z,2e702754-12da-4677-8056-3f6240b6755f,0.02,0.09,0.15,0.14,0,-0.05,-0.08,0.02,0,0,1.01,0,0,0,0,0,0,0,0,0,0,0,0,0,1,,0.15,0.14,0
2025-09-07T18:42:57.964000Z,2e702754-12da-4677-8056-3f6240b6755f,0.02,0.1,-0.03,0.04,0,-0.06,-0.05,0.05,0,0,1,0,0,0,0,0,0,0,0,0,0,0,0,0,1,,-0.03,0.04,0
2025-09-07T18:42:57.982000Z,2e702754-12da-4677-8056-3f6240b6755f,0.02,0.1,0.1,0.24,0,-0.05,-0.05,0,0,0,1.01,0,0,0,0,0,0,0,0,0,0,0,0,0,1,,0.1,0.24,0
2025-09-07T18:42:58.006000Z,2e702754-12da-4677-8056-3f6240b6755f,0.02,0.1,0.04,0.03,0,-0.02,0,0,0,0,1,0,0,0,0,0,0,0,0,0,0,0,0,0,1,,0.04,0.03,0
2025-09-07T18:42:58.032000Z,2e702754-12da-4677-8056-3f6240b6755f,0.02,0.1,-0.07,0.06,0,0.02,-0.03,0.02,0,0,1,0,0,0,0,0,0,0,0,0,0,0,0,0,1,,-0.07,0.06,0
2025-09-07T18:42:58.052000Z,2e702754-12da-4677-8056-3f6240b6755f,0.02,0.09,-0.04,0.1,0,-0.02,-0.03,0.02,0,0,1,0,0,0,0,0,0,0,0,0,0,0,0,0,1,,-0.04,0.1,0
2025-09-07T18:42:58.074000Z,2e702754-12da-4677-8056-3f6240b6755f,0.02,0.09,-0.04,0.03,0,0,0,0.05,0,0,1,0,0,0,0,0,0,0,0,0,0,0,0,0,1,,-0.04,0.03,0
2025-09-07T18:42:58.098000Z,2e702754-12da-4677-8056-3f6240b6755f,0.01,0.09,-0.08,0.08,0,-0.03,0.02,0.06,0,0,1,0,0,0,0,0,0,0,0,0,0,0,0,0,1,,-0.08,0.08,0
2025-09-07T18:42:58.122000Z,2e702754-12da-4677-8056-3f6240b6755f,0.01,0.09,-0.01,0.1,0,-0.03,-0.03,0.05,0,0,1,0,0,0,0,0,0,0,0,0,0,0,0,0,1,,-0.01,0.1,0
2025-09-07T18:42:58.140000Z,2e702754-12da-4677-8056-3f6240b6755f,0,0.09,-0.17,0.06,0,-0.06,-0.03,0.05,0,0,1,0,0,0,0,0,0,0,0,0,0,0,0,0,1,,-0.17,0.06,0
2025-09-07T18:42:58.162000Z,2e702754-12da-4677-8056-3f6240b6755f,0,0.09,0.03,0.11,0,-0.03,-0.06,0.03,0,0,1,0,0,0,0,0,0,0,0,0,0,0,0,0,1,,0.03,0.11,0
2025-09-07T18:42:58.181000Z,2e702754-12da-4677-8056-3f6240b6755f,0,0.08,0.11,-0.03,0,-0.03,-0.09,0.03,0,0,1,0,0,0,0,0,0,0,0,0,0,0,0,0,1,,0.11,-0.03,0
2025-09-07T18:42:58.208000Z,2e702754-12da-4677-8056-3f6240b6755f,0.02,0.08,0.04,0.04,0,-0.03,-0.05,0.05,0,0,1,0,0,0,0,0,0,0,0,0,0,0,0,0,1,,0.04,0.04,0
2025-09-07T18:42:58.221000Z,2e702754-12da-4677-8056-3f6240b6755f,0.02,0.08,0.11,-0.01,0,-0.06,-0.02,0.02,0,0,1,0,0,0,0,0,0,0,0,0,0,0,0,0,1,,0.11,-0.01,0
2025-09-07T18:42:58.243000Z,2e702754-12da-4677-8056-3f6240b6755f,0.03,0.07,0.06,-0.07,0,-0.06,-0.05,0.03,0,0,1,0,0,0,0,0,0,0,0,0,0,0,0,0,1,,0.06,-0.07,0
2025-09-07T18:42:58.262000Z,2e702754-12da-4677-8056-3f6240b6755f,0.03,0.07,0.14,0.11,0,-0.03,-0.02,0.02,0,0,1,0,0,0,0,0,0,0,0,0,0,0,0,0,1,,0.14,0.11,0
2025-09-07T18:42:58.293000Z,2e702754-12da-4677-8056-3f6240b6755f,0.03,0.06,-0.04,-0.1,0,-0.09,0,0,0,0,1,0,0,0,0,0,0,0,0,0,0,0,0,0,1,,-0.04,-0.1,0
2025-09-07T18:42:58.312000Z,2e702754-12da-4677-8056-3f6240b6755f,0.03,0.06,-0.04,0.17,0,0,0.03,0,0,0,1,0,0,0,0,0,0,0,0,0,0,0,0,0,1,,-0.04,0.17,0
2025-09-07T18:42:58.342000Z,2e702754-12da-4677-8056-3f6240b6755f,0.02,0.06,0.03,0,0,-0.03,0,0.02,0,0,1,0,0,0,0,0,0,0,0,0,0,0,0,0,1,,0.03,0,0
2025-09-07T18:42:58.363000Z,2e702754-12da-4677-8056-3f6240b6755f,0.02,0.07,-0.06,0.15,0,0,-0.05,0.06,0,0,1,0,0,0,0,0,0,0,0,0,0,0,0,0,1,,-0.06,0.15,0
2025-09-07T18:42:58.372000Z,2e702754-12da-4677-8056-3f6240b6755f,0.02,0.07,0.01,0.15,0,0,-0.03,0.02,0,0,1,0,0,0,0,0,0,0,0,0,0,0,0,0,1,,0.01,0.15,0
2025-09-07T18:42:58.395000Z,2e702754-12da-4677-8056-3f6240b6755f,0.01,0.07,0.03,0.03,0,-0.03,-0.08,0.03,0,0,1,0,0,0,0,0,0,0,0,0,0,0,0,0,1,,0.03,0.03,0
2025-09-07T18:42:58.415000Z,2e702754-12da-4677-8056-3f6240b6755f,0.01,0.08,-0.06,0.11,0,-0.03,-0.02,0,0,0,1,0,0,0,0,0,0,0,0,0,0,0,0,0,1,,-0.06,0.11,0
2025-09-07T18:42:58.441000Z,2e702754-12da-4677-8056-3f6240b6755f,0.02,0.07,0.06,0.01,0,-0.02,-0.03,-0.02,0,0,1,0,0,0,0,0,0,0,0,0,0,0,0,0,1,,0.06,0.01,0
2025-09-07T18:42:58.467000Z,2e702754-12da-4677-8056-3f6240b6755f,0.03,0.07,0.2,0.1,0,-0.03,-0.03,0.03,0,0,1,0,0,0,0,0,0,0,0,0,0,0,0,0,1,,0.2,0.1,0
2025-09-07T18:42:58.489000Z,2e702754-12da-4677-8056-3f6240b6755f,0.03,0.07,-0.06,0.04,0,-0.06,-0.03,0.02,0,0,1,0,0,0,0,0,0,0,0,0,0,0,0,0,1,,-0.06,0.04,0
2025-09-07T18:42:58.513000Z,2e702754-12da-4677-8056-3f6240b6755f,0.03,0.07,0.04,0.07,0,0.02,-0.03,0.03,0,0,1,0,0,0,0,0,0,0,0,0,0,0,0,0,1,,0.04,0.07,0
2025-09-07T18:42:58.543000Z,2e702754-12da-4677-8056-3f6240b6755f,0.03,0.06,-0.04,0,0,0,0,-0.05,0,0,1,0,0,0,0,0,0,0,0,0,0,0,0,0,1,,-0.04,0,0
2025-09-07T18:42:58.553000Z,2e702754-12da-4677-8056-3f6240b6755f,0.02,0.07,-0.1,0.11,0,0.05,-0.03,0,0,0,1,0,0,0,0,0,0,0,0,0,0,0,0,0,1,,-0.1,0.11,0
2025-09-07T18:42:58.576000Z,2e702754-12da-4677-8056-3f6240b6755f,0.02,0.07,0.06,0.11,0,-0.02,-0.03,0.03,0,0,1,0,0,0,0,0,0,0,0,0,0,0,0,0,1,,0.06,0.11,0
2025-09-07T18:42:58.599000Z,2e702754-12da-4677-8056-3f6240b6755f,0.02,0.07,-0.08,0.04,0,-0.03,-0.03,0.05,0,0,1,0,0,0,0,0,0,0,0,0,0,0,0,0,1,,-0.08,0.04,0
2025-09-07T18:42:58.622000Z,2e702754-12da-4677-8056-3f6240b6755f,0.02,0.07,0.04,0.11,0,-0.02,0.03,0,0,0,1,0,0,0,0,0,0,0,0,0,0,0,0,0,1,,0.04,0.11,0
2025-09-07T18:42:58.646000Z,2e702754-12da-4677-8056-3f6240b6755f,0.02,0.07,0.08,0.1,0,-0.03,-0.03,0.02,0,0,1,0,0,0,0,0,0,0,0,0,0,0,0,0,1,,0.08,0.1,0
2025-09-07T18:42:58.671000Z,2e702754-12da-4677-8056-3f6240b6755f,0.02,0.08,0.01,0.18,0,-0.06,0,0.02,0,0,1,0,0,0,0,0,0,0,0,0,0,0,0,0,1,,0.01,0.18,0
2025-09-07T18:42:58.682000Z,2e702754-12da-4677-8056-3f6240b6755f,0.02,0.07,0.13,0.01,0,-0.06,-0.02,0.03,0,0,1,0,0,0,0,0,0,0,0,0,0,0,0,0,1,,0.13,0.01,0
2025-09-07T18:42:58.707000Z,2e702754-12da-4677-8056-3f6240b6755f,0.03,0.08,0.06,0.15,0,-0.05,-0.03,-0.02,0,0,1,0,0,0,0,0,0,0,0,0,0,0,0,0,1,,0.06,0.15,0
2025-09-07T18:42:58.728000Z,2e702754-12da-4677-8056-3f6240b6755f,0.03,0.07,0.03,0.07,0,-0.05,0.03,-0.05,0,0,1,0,0,0,0,0,0,0,0,0,0,0,0,0,1,,0.03,0.07,0
2025-09-07T18:42:58.755000Z,2e702754-12da-4677-8056-3f6240b6755f,0.03,0.08,0.04,0.14,0,-0.03,-0.03,0.03,0,0,1,0,0,0,0,0,0,0,0,0,0,0,0,0,1,,0.04,0.14,0
2025-09-07T18:42:58.781000Z,2e702754-12da-4677-8056-3f6240b6755f,0.02,0.08,-0.07,0.14,0,-0.05,-0.03,-0.03,0,0,1,0,0,0,0,0,0,0,0,0,0,0,0,0,1,,-0.07,0.14,0
2025-09-07T18:42:58.806000Z,2e702754-12da-4677-8056-3f6240b6755f,0.02,0.08,0.01,0.13,0,0,-0.05,0.02,0,0,1,0,0,0,0,0,0,0,0,0,0,0,0,0,1,,0.01,0.13,0
2025-09-07T18:42:58.815000Z,2e702754-12da-4677-8056-3f6240b6755f,0.02,0.08,0,0.1,0,0,0,0,0,0,1.01,0,0,0,0,0,0,0,0,0,0,0,0,0,1,,0,0.1,0
2025-09-07T18:42:58.835000Z,2e702754-12da-4677-8056-3f6240b6755f,0.02,0.08,-0.01,0.06,0,0.03,-0.05,0.05,0,0,1,0,0,0,0,0,0,0,0,0,0,0,0,0,1,,-0.01,0.06,0
2025-09-07T18:42:58.857000Z,2e702754-12da-4677-8056-3f6240b6755f,0.02,0.09,0.08,0.22,0,0.05,-0.08,0.02,0,0,1,0,0,0,0,0,0,0,0,0,0,0,0,0,1,,0.08,0.22,0
2025-09-07T18:42:58.876000Z,2e702754-12da-4677-8056-3f6240b6755f,0.02,0.09,0,-0.01,0,0.02,-0.09,0.05,0,0,1,0,0,0,0,0,0,0,0,0,0,0,0,0,1,,0,-0.01,0
2025-09-07T18:42:58.904000Z,2e702754-12da-4677-8056-3f6240b6755f,0.03,0.09,0.06,0.18,0,0,-0.05,0.02,0,0,1,0,0,0,0,0,0,0,0,0,0,0,0,0,1,,0.06,0.18,0
2025-09-07T18:42:58.928000Z,2e702754-12da-4677-8056-3f6240b6755f,0.03,0.09,0,0.04,0,0,-0.03,-0.03,0,0,1,0,0,0,0,0,0,0,0,0,0,0,0,0,1,,0,0.04,0
2025-09-07T18:42:58.952000Z,2e702754-12da-4677-8056-3f6240b6755f,0.03,0.09,0.04,0.11,0,0,-0.03,0.03,0,0,1,0,0,0,0,0,0,0,0,0,0,0,0,0,1,,0.04,0.11,0
2025-09-07T18:42:58.974000Z,2e702754-12da-4677-8056-3f6240b6755f,0.04,0.09,0.14,0.07,0,-0.02,-0.03,0.02,0,0,1,0,0,0,0,0,0,0,0,0,0,0,0,0,1,,0.14,0.07,0
2025-09-07T18:42:58.986000Z,2e702754-12da-4677-8056-3f6240b6755f,0.04,0.09,0.01,0.11,0,0.02,-0.06,-0.03,0,0,1,0,0,0,0,0,0,0,0,0,0,0,0,0,1,,0.01,0.11,0
2025-09-07T18:42:59.007000Z,2e702754-12da-4677-8056-3f6240b6755f,0.03,0.09,-0.03,0.1,0,-0.05,-0.03,-0.02,0,0,1,0,0,0,0,0,0,0,0,0,0,0,0,0,1,,-0.03,0.1,0
2025-09-07T18:42:59.032000Z,2e702754-12da-4677-8056-3f6240b6755f,0.04,0.1,0.11,0.17,0,-0.02,-0.05,0.05,0,0,1,0,0,0,0,0,0,0,0,0,0,0,0,0,1,,0.11,0.17,0
2025-09-07T18:42:59.055000Z,2e702754-12da-4677-8056-3f6240b6755f,0.03,0.1,-0.01,0.06,0,-0.02,-0.02,0.02,0,0,1,0,0,0,0,0,0,0,0,0,0,0,0,0,1,,-0.01,0.06,0
2025-09-07T18:42:59.067000Z,2e702754-12da-4677-8056-3f6240b6755f,0.03,0.1,0.03,0.21,0,-0.05,-0.05,0.03,0,0,1,0,0,0,0,0,0,0,0,0,0,0,0,0,1,,0.03,0.21,0
2025-09-07T18:42:59.088000Z,2e702754-12da-4677-8056-3f6240b6755f,0.03,0.1,-0.03,0.07,0,-0.05,-0.02,0,0,0,1,0,0,0,0,0,0,0,0,0,0,0,0,0,1,,-0.03,0.07,0
2025-09-07T18:42:59.116000Z,2e702754-12da-4677-8056-3f6240b6755f,0.03,0.11,0.08,0.18,0,-0.02,-0.03,0.06,0,0,1,0,0,0,0,0,0,0,0,0,0,0,0,0,1,,0.08,0.18,0
2025-09-07T18:42:59.135000Z,2e702754-12da-4677-8056-3f6240b6755f,0.03,0.1,0.01,0,0,-0.08,-0.02,-0.02,0,0,1.01,0,0,0,0,0,0,0,0,0,0,0,0,0,1,,0.01,0,0
2025-09-07T18:42:59.161000Z,2e702754-12da-4677-8056-3f6240b6755f,0.04,0.1,0,0.07,0,-0.05,-0.09,0.05,0,0,1.01,0,0,0,0,0,0,0,0,0,0,0,0,0,1,,0,0.07,0
2025-09-07T18:42:59.186000Z,2e702754-12da-4677-8056-3f6240b6755f,0.04,0.1,0.11,-0.01,0,-0.05,-0.02,0,0,0,1,0,0,0,0,0,0,0,0,0,0,0,0,0,1,,0.11,-0.01,0
2025-09-07T18:42:59.214000Z,2e702754-12da-4677-8056-3f6240b6755f,0.04,0.09,0.03,-0.06,0,-0.03,-0.06,0.03,0,0,1,0,0,0,0,0,0,0,0,0,0,0,0,0,1,,0.03,-0.06,0
2025-09-07T18:42:59.222000Z,2e702754-12da-4677-8056-3f6240b6755f,0.04,0.09,0.04,0.21,0,0,-0.06,0.05,0,0,1,0,0,0,0,0,0,0,0,0,0,0,0,0,1,,0.04,0.21,0
2025-09-07T18:42:59.243000Z,2e702754-12da-4677-8056-3f6240b6755f,0.04,0.08,0.07,-0.07,0,-0.05,-0.03,0.03,0,0,1,0,0,0,0,0,0,0,0,0,0,0,0,0,1,,0.07,-0.07,0
2025-09-07T18:42:59.268000Z,2e702754-12da-4677-8056-3f6240b6755f,0.04,0.08,-0.04,0.13,0,0.02,-0.11,0.05,0,0,1,0,0,0,0,0,0,0,0,0,0,0,0,0,1,,-0.04,0.13,0
2025-09-07T18:42:59.290000Z,2e702754-12da-4677-8056-3f6240b6755f,0.04,0.08,0.08,0.13,0,0,-0.05,0,0,0,1,0,0,0,0,0,0,0,0,0,0,0,0,0,1,,0.08,0.13,0
2025-09-07T18:42:59.302000Z,2e702754-12da-4677-8056-3f6240b6755f,0.04,0.08,0.07,0.08,0,0.02,-0.06,0.02,0,0,1,0,0,0,0,0,0,0,0,0,0,0,0,0,1,,0.07,0.08,0
2025-09-07T18:42:59.330000Z,2e702754-12da-4677-8056-3f6240b6755f,0.04,0.08,0,0.14,0,-0.03,-0.06,0,0,0,1,0,0,0,0,0,0,0,0,0,0,0,0,0,1,,0,0.14,0
2025-09-07T18:42:59.351000Z,2e702754-12da-4677-8056-3f6240b6755f,0.04,0.08,0.04,0.04,0,0.02,-0.06,0.02,0,0,1,0,0,0,0,0,0,0,0,0,0,0,0,0,1,,0.04,0.04,0
2025-09-07T18:42:59.371000Z,2e702754-12da-4677-8056-3f6240b6755f,0.04,0.08,-0.01,0.08,0,-0.03,-0.12,-0.02,0,0,1,0,0,0,0,0,0,0,0,0,0,0,0,0,1,,-0.01,0.08,0
2025-09-07T18:42:59.394000Z,2e702754-12da-4677-8056-3f6240b6755f,0.03,0.08,-0.1,0.06,0,-0.03,-0.06,0.03,0,0,1,0,0,0,0,0,0,0,0,0,0,0,0,0,1,,-0.1,0.06,0
2025-09-07T18:42:59.418000Z,2e702754-12da-4677-8056-3f6240b6755f,0.03,0.08,0.06,0.13,0,0.05,0,0,0,0,1,0,0,0,0,0,0,0,0,0,0,0,0,0,1,,0.06,0.13,0
2025-09-07T18:42:59.446000Z,2e702754-12da-4677-8056-3f6240b6755f,0.03,0.08,-0.07,-0.01,0,-0.03,-0.02,0,0,0,1,0,0,0,0,0,0,0,0,0,0,0,0,0,1,,-0.07,-0.01,0
2025-09-07T18:42:59.459000Z,2e702754-12da-4677-8056-3f6240b6755f,0.03,0.08,0.04,0.15,0,-0.02,-0.02,0.02,0,0,1,0,0,0,0,0,0,0,0,0,0,0,0,0,1,,0.04,0.15,0
2025-09-07T18:42:59.479000Z,2e702754-12da-4677-8056-3f6240b6755f,0.03,0.08,-0.01,-0.03,0,-0.06,-0.03,-0.02,0,0,1,0,0,0,0,0,0,0,0,0,0,0,0,0,1,,-0.01,-0.03,0
2025-09-07T18:42:59.504000Z,2e702754-12da-4677-8056-3f6240b6755f,0.03,0.08,0,0.17,0,-0.02,-0.03,0.02,0,0,1,0,0,0,0,0,0,0,0,0,0,0,0,0,1,,0,0.17,0
2025-09-07T18:42:59.522000Z,2e702754-12da-4677-8056-3f6240b6755f,0.02,0.07,-0.01,-0.06,0,-0.06,-0.06,-0.02,0,0,1,0,0,0,0,0,0,0,0,0,0,0,0,0,1,,-0.01,-0.06,0
2025-09-07T18:42:59.549000Z,2e702754-12da-4677-8056-3f6240b6755f,0.02,0.08,-0.06,0.13,0,0,-0.06,0.05,0,0,1,0,0,0,0,0,0,0,0,0,0,0,0,0,1,,-0.06,0.13,0
2025-09-07T18:42:59.568000Z,2e702754-12da-4677-8056-3f6240b6755f,0.02,0.07,0.04,0,0,-0.02,0.02,0.02,0,0,1,0,0,0,0,0,0,0,0,0,0,0,0,0,1,,0.04,0,0
2025-09-07T18:42:59.587000Z,2e702754-12da-4677-8056-3f6240b6755f,0.02,0.07,0.06,0.01,0,-0.03,-0.02,0.03,0,0,1,0,0,0,0,0,0,0,0,0,0,0,0,0,1,,0.06,0.01,0
2025-09-07T18:42:59.619000Z,2e702754-12da-4677-8056-3f6240b6755f,0.02,0.07,-0.01,0.03,0,-0.02,0,0,0,0,1,0,0,0,0,0,0,0,0,0,0,0,0,0,1,,-0.01,0.03,0
2025-09-07T18:42:59.632000Z,2e702754-12da-4677-8056-3f6240b6755f,0.02,0.06,0.04,0,0,-0.05,-0.02,0.05,0,0,1,0,0,0,0,0,0,0,0,0,0,0,0,0,1,,0.04,0,0
2025-09-07T18:42:59.652000Z,2e702754-12da-4677-8056-3f6240b6755f,0.01,0.07,-0.11,0.11,0,-0.06,-0.02,0.03,0,0,1,0,0,0,0,0,0,0,0,0,0,0,0,0,1,,-0.11,0.11,0
2025-09-07T18:42:59.676000Z,2e702754-12da-4677-8056-3f6240b6755f,0.01,0.06,-0.07,-0.01,0,-0.03,0,0.02,0,0,1,0,0,0,0,0,0,0,0,0,0,0,0,0,1,,-0.07,-0.01,0
2025-09-07T18:42:59.698000Z,2e702754-12da-4677-8056-3f6240b6755f,0,0.07,0.11,0.14,0,-0.02,-0.03,0.08,0,0,1,0,0,0,0,0,0,0,0,0,0,0,0,0,1,,0.11,0.14,0
2025-09-07T18:42:59.723000Z,2e702754-12da-4677-8056-3f6240b6755f,0.01,0.07,0,0.03,0,-0.05,-0.08,0.03,0,0,1,0,0,0,0,0,0,0,0,0,0,0,0,0,1,,0,0.03,0
2025-09-07T18:42:59.741000Z,2e702754-12da-4677-8056-3f6240b6755f,0.01,0.07,0.1,0.17,0,-0.02,-0.08,0.02,0,0,1,0,0,0,0,0,0,0,0,0,0,0,0,0,1,,0.1,0.17,0
2025-09-07T18:42:59.765000Z,2e702754-12da-4677-8056-3f6240b6755f,0.01,0.07,-0.03,0.06,0,-0.06,-0.06,0.03,0,0,1,0,0,0,0,0,0,0,0,0,0,0,0,0,1,,-0.03,0.06,0
2025-09-07T18:42:59.782000Z,2e702754-12da-4677-8056-3f6240b6755f,0.01,0.07,0.04,0.07,0,0,-0.02,0.06,0,0,1,0,0,0,0,0,0,0,0,0,0,0,0,0,1,,0.04,0.07,0
2025-09-07T18:42:59.804000Z,2e702754-12da-4677-8056-3f6240b6755f,0.01,0.07,0.14,0.1,0,0.02,-0.05,0.03,0,0,1,0,0,0,0,0,0,0,0,0,0,0,0,0,1,,0.14,0.1,0
2025-09-07T18:42:59.831000Z,2e702754-12da-4677-8056-3f6240b6755f,0.01,0.07,-0.03,0,0,-0.03,-0.03,0.06,0,0,1,0,0,0,0,0,0,0,0,0,0,0,0,0,1,,-0.03,0,0
2025-09-07T18:42:59.855000Z,2e702754-12da-4677-8056-3f6240b6755f,0.01,0.08,-0.03,0.24,0,0,0.06,0.03,0,0,1,0,0,0,0,0,0,0,0,0,0,0,0,0,1,,-0.03,0.24,0
2025-09-07T18:42:59.875000Z,2e702754-12da-4677-8056-3f6240b6755f,0.01,0.08,0.08,0.1,0,0,0.03,0.03,0,0,1,0,0,0,0,0,0,0,0,0,0,0,0,0,1,,0.08,0.1,0
2025-09-07T18:42:59.894000Z,2e702754-12da-4677-8056-3f6240b6755f,0.01,0.09,-0.06,0.18,0,-0.05,-0.03,0.05,0,0,1,0,0,0,0,0,0,0,0,0,0,0,0,0,1,,-0.06,0.18,0
2025-09-07T18:42:59.918000Z,2e702754-12da-4677-8056-3f6240b6755f,0.01,0.09,0.01,0.01,0,-0.02,-0.02,0.05,0,0,1,0,0,0,0,0,0,0,0,0,0,0,0,0,1,,0.01,0.01,0
2025-09-07T18:42:59.936000Z,2e702754-12da-4677-8056-3f6240b6755f,0.01,0.09,0.03,0.03,0,0.02,-0.05,0.05,0,0,1,0,0,0,0,0,0,0,0,0,0,0,0,0,1,,0.03,0.03,0
2025-09-07T18:42:59.957000Z,2e702754-12da-4677-8056-3f6240b6755f,0.01,0.09,-0.03,0.1,0,0.02,-0.06,-0.02,0,0,1,0,0,0,0,0,0,0,0,0,0,0,0,0,1,,-0.03,0.1,0
2025-09-07T18:42:59.983000Z,2e702754-12da-4677-8056-3f6240b6755f,0.01,0.09,0.01,0.18,0,-0.03,-0.06,0,0,0,1,0,0,0,0,0,0,0,0,0,0,0,0,0,1,,0.01,0.18,0
2025-09-07T18:43:00.003000Z,2e702754-12da-4677-8056-3f6240b6755f,0,0.08,-0.07,-0.13,0,-0.03,-0.05,0,0,0,1,0,0,0,0,0,0,0,0,0,0,0,0,0,1,,-0.07,-0.13,0
2025-09-07T18:43:00.021000Z,2e702754-12da-4677-8056-3f6240b6755f,0.01,0.08,0.11,0.13,0,0,-0.06,0.02,0,0,1,0,0,0,0,0,0,0,0,0,0,0,0,0,1,,0.11,0.13,0
2025-09-07T18:43:00.041000Z,2e702754-12da-4677-8056-3f6240b6755f,0,0.08,-0.04,0.03,0,-0.06,0,-0.05,0,0,1,0,0,0,0,0,0,0,0,0,0,0,0,0,1,,-0.04,0.03,0
2025-09-07T18:43:00.063000Z,2e702754-12da-4677-8056-3f6240b6755f,0,0.09,-0.03,0.2,0,0,-0.08,-0.02,0,0,1,0,0,0,0,0,0,0,0,0,0,0,0,0,1,,-0.03,0.2,0
2025-09-07T18:43:00.086000Z,2e702754-12da-4677-8056-3f6240b6755f,0.01,0.09,0.08,0.18,0,-0.05,-0.02,0.03,0,0,1,0,0,0,0,0,0,0,0,0,0,0,0,0,1,,0.08,0.18,0
2025-09-07T18:43:00.112000Z,2e702754-12da-4677-8056-3f6240b6755f,0,0.09,-0.07,0,0,-0.03,-0.06,0.03,0,0,1,0,0,0,0,0,0,0,0,0,0,0,0,0,1,,-0.07,0,0
2025-09-07T18:43:00.133000Z,2e702754-12da-4677-8056-3f6240b6755f,0,0.1,-0.06,0.27,0,-0.03,-0.05,0.03,0,0,1,0,0,0,0,0,0,0,0,0,0,0,0,0,1,,-0.06,0.27,0
2025-09-07T18:43:00.156000Z,2e702754-12da-4677-8056-3f6240b6755f,0,0.09,0.07,0.06,0,-0.03,0.02,-0.03,0,0,1,0,0,0,0,0,0,0,0,0,0,0,0,0,1,,0.07,0.06,0
2025-09-07T18:43:00.176000Z,2e702754-12da-4677-8056-3f6240b6755f,0,0.1,-0.01,0.2,0,-0.02,-0.03,0.08,0,0,1,0,0,0,0,0,0,0,0,0,0,0,0,0,1,,-0.01,0.2,0
2025-09-07T18:43:00.200000Z,2e702754-12da-4677-8056-3f6240b6755f,0,0.1,0,0.14,0,-0.05,-0.05,0,0,0,1,0,0,0,0,0,0,0,0,0,0,0,0,0,1,,0,0.14,0
2025-09-07T18:43:00.221000Z,2e702754-12da-4677-8056-3f6240b6755f,-0.01,0.1,-0.06,0.1,0,-0.02,-0.03,0.03,0,0,1,0,0,0,0,0,0,0,0,0,0,0,0,0,1,,-0.06,0.1,0
2025-09-07T18:43:00.240000Z,2e702754-12da-4677-8056-3f6240b6755f,-0.01,0.1,-0.03,0.11,0,-0.02,0,0.02,0,0,1,0,0,0,0,0,0,0,0,0,0,0,0,0,1,,-0.03,0.11,0
2025-09-07T18:43:00.267000Z,2e702754-12da-4677-8056-3f6240b6755f,0,0.1,0.08,0.13,0,0.02,0.02,0,0,0,1,0,0,0,0,0,0,0,0,0,0,0,0,0,1,,0.08,0.13,0
2025-09-07T18:43:00.292000Z,2e702754-12da-4677-8056-3f6240b6755f,-0.01,0.1,-0.06,0.06,0,-0.03,-0.03,0,0,0,1,0,0,0,0,0,0,0,0,0,0,0,0,0,1,,-0.06,0.06,0
2025-09-07T18:43:00.306000Z,2e702754-12da-4677-8056-3f6240b6755f,0,0.1,0.08,0.11,0,-0.02,-0.03,0.02,0,0,1,0,0,0,0,0,0,0,0,0,0,0,0,0,1,,0.08,0.11,0
2025-09-07T18:43:00.327000Z,2e702754-12da-4677-8056-3f6240b6755f,0,0.1,0.01,0.11,0,0.05,0.02,0.03,0,0,1,0,0,0,0,0,0,0,0,0,0,0,0,0,1,,0.01,0.11,0
2025-09-07T18:43:00.347000Z,2e702754-12da-4677-8056-3f6240b6755f,0,0.11,-0.08,0.11,0,-0.05,-0.05,0.05,0,0,1,0,0,0,0,0,0,0,0,0,0,0,0,0,1,,-0.08,0.11,0
2025-09-07T18:43:00.373000Z,2e702754-12da-4677-8056-3f6240b6755f,-0.01,0.1,0.03,0.15,0,-0.02,-0.03,0.02,0,0,1,0,0,0,0,0,0,0,0,0,0,0,0,0,1,,0.03,0.15,0
2025-09-07T18:43:00.391000Z,2e702754-12da-4677-8056-3f6240b6755f,-0.02,0.1,-0.15,0.04,0,-0.05,-0.08,0.03,0,0,1,0,0,0,0,0,0,0,0,0,0,0,0,0,1,,-0.15,0.04,0
2025-09-07T18:43:00.426000Z,2e702754-12da-4677-8056-3f6240b6755f,-0.01,0.11,0.06,0.24,0,0.02,-0.03,0.05,0,0,1,0,0,0,0,0,0,0,0,0,0,0,0,0,1,,0.06,0.24,0
2025-09-07T18:43:00.444000Z,2e702754-12da-4677-8056-3f6240b6755f,-0.02,0.1,-0.03,0.01,0,-0.03,-0.02,0.02,0,0,1,0,0,0,0,0,0,0,0,0,0,0,0,0,1,,-0.03,0.01,0
2025-09-07T18:43:00.472000Z,2e702754-12da-4677-8056-3f6240b6755f,-0.02,0.11,-0.06,0.29,0,-0.02,-0.03,0.03,-0.01,0,1,0,0,0,0,0,0,0,0,0,0,0,0,0,1,,-0.06,0.29,0
2025-09-07T18:43:00.476000Z,2e702754-12da-4677-8056-3f6240b6755f,-0.02,0.1,0.03,-0.06,0,-0.03,0,0.02,0,0,1,0,0,0,0,0,0,0,0,0,0,0,0,0,1,,0.03,-0.06,0
2025-09-07T18:43:00.502000Z,2e702754-12da-4677-8056-3f6240b6755f,-0.02,0.1,0.04,-0.04,0,-0.03,-0.09,0.02,0,0,1,0,0,0,0,0,0,0,0,0,0,0,0,0,1,,0.04,-0.04,0
2025-09-07T18:43:00.526000Z,2e702754-12da-4677-8056-3f6240b6755f,-0.01,0.09,0.03,0.11,0,-0.02,-0.06,-0.02,0,0,1,0,0,0,0,0,0,0,0,0,0,0,0,0,1,,0.03,0.11,0
2025-09-07T18:43:00.544000Z,2e702754-12da-4677-8056-3f6240b6755f,0,0.09,0.08,0.04,0,-0.02,-0.08,0.03,0,0,1,0,0,0,0,0,0,0,0,0,0,0,0,0,1,,0.08,0.04,0
2025-09-07T18:43:00.572000Z,2e702754-12da-4677-8056-3f6240b6755f,0,0.09,-0.03,0.11,0,-0.02,-0.03,0.05,0,0,1,0,0,0,0,0,0,0,0,0,0,0,0,0,1,,-0.03,0.11,0
2025-09-07T18:43:00.591000Z,2e702754-12da-4677-8056-3f6240b6755f,0,0.09,-0.04,0.11,0,-0.02,-0.03,0,0,0,1,0,0,0,0,0,0,0,0,0,0,0,0,0,1,,-0.04,0.11,0
2025-09-07T18:43:00.622000Z,2e702754-12da-4677-8056-3f6240b6755f,0,0.09,0.01,0.07,0,0.02,-0.03,0.06,0,0,1,0,0,0,0,0,0,0,0,0,0,0,0,0,1,,0.01,0.07,0
2025-09-07T18:43:00.634000Z,2e702754-12da-4677-8056-3f6240b6755f,-0.01,0.09,-0.06,0.06,0,-0.05,-0.03,0,0,0,1,0,0,0,0,0,0,0,0,0,0,0,0,0,1,,-0.06,0.06,0
2025-09-07T18:43:00.672000Z,2e702754-12da-4677-8056-3f6240b6755f,-0.01,0.09,0.01,0.18,0,-0.03,-0.03,0.02,0,0,1,0,0,0,0,0,0,0,0,0,0,0,0,0,1,,0.01,0.18,0
2025-09-07T18:43:00.678000Z,2e702754-12da-4677-8056-3f6240b6755f,-0.01,0.09,-0.07,0.1,0,-0.02,0,0.02,0,0,1,0,0,0,0,0,0,0,0,0,0,0,0,0,1,,-0.07,0.1,0
2025-09-07T18:43:00.703000Z,2e702754-12da-4677-8056-3f6240b6755f,-0.01,0.1,-0.03,0.22,0,0.02,-0.11,0.03,0,0,1,0,0,0,0,0,0,0,0,0,0,0,0,0,1,,-0.03,0.22,0
2025-09-07T18:43:00.721000Z,2e702754-12da-4677-8056-3f6240b6755f,0,0.1,0.14,0.08,0,-0.05,-0.02,-0.03,0,0,1,0,0,0,0,0,0,0,0,0,0,0,0,0,1,,0.14,0.08,0
2025-09-07T18:43:00.748000Z,2e702754-12da-4677-8056-3f6240b6755f,0,0.1,-0.01,0,0,-0.03,-0.03,0.02,0,0,1,0,0,0,0,0,0,0,0,0,0,0,0,0,1,,-0.01,0,0
2025-09-07T18:43:00.770000Z,2e702754-12da-4677-8056-3f6240b6755f,0,0.1,0,0.18,0,0.02,-0.03,0.05,0,0,1,0,0,0,0,0,0,0,0,0,0,0,0,0,1,,0,0.18,0
2025-09-07T18:43:00.788000Z,2e702754-12da-4677-8056-3f6240b6755f,0.01,0.1,0.06,0,0,-0.06,-0.05,0.05,0,0,1,0,0,0,0,0,0,0,0,0,0,0,0,0,1,,0.06,0,0
2025-09-07T18:43:00.815000Z,2e702754-12da-4677-8056-3f6240b6755f,0.01,0.1,-0.03,0.18,0,-0.03,-0.06,0.03,0,0,1,0,0,0,0,0,0,0,0,0,0,0,0,0,1,,-0.03,0.18,0
2025-09-07T18:43:00.834000Z,2e702754-12da-4677-8056-3f6240b6755f,0.01,0.1,-0.01,0.03,0,-0.05,0,0.03,0,0,1,0,0,0,0,0,0,0,0,0,0,0,0,0,1,,-0.01,0.03,0
2025-09-07T18:43:00.858000Z,2e702754-12da-4677-8056-3f6240b6755f,0,0.1,0.03,0.21,0,0,-0.03,0.03,0,0,1.01,0,0,0,0,0,0,0,0,0,0,0,0,0,1,,0.03,0.21,0
2025-09-07T18:43:00.880000Z,2e702754-12da-4677-8056-3f6240b6755f,0.01,0.1,0,0.07,0,-0.03,-0.02,0.03,0,0,1,0,0,0,0,0,0,0,0,0,0,0,0,0,1,,0,0.07,0
2025-09-07T18:43:00.905000Z,2e702754-12da-4677-8056-3f6240b6755f,0.01,0.11,0.03,0.1,0,0.03,-0.05,0.03,0,0,1,0,0,0,0,0,0,0,0,0,0,0,0,0,1,,0.03,0.1,0
2025-09-07T18:43:00.920000Z,2e702754-12da-4677-8056-3f6240b6755f,0,0.1,-0.11,0.11,0,0,-0.03,0.02,0,0,1,0,0,0,0,0,0,0,0,0,0,0,0,0,1,,-0.11,0.11,0
2025-09-07T18:43:00.942000Z,2e702754-12da-4677-8056-3f6240b6755f,0.01,0.11,-0.01,0.08,0,0.02,-0.03,0.05,0,0,1,0,0,0,0,0,0,0,0,0,0,0,0,0,1,,-0.01,0.08,0
2025-09-07T18:43:00.963000Z,2e702754-12da-4677-8056-3f6240b6755f,0.01,0.11,0.08,0.13,0,0,-0.03,0.05,0,0,1,0,0,0,0,0,0,0,0,0,0,0,0,0,1,,0.08,0.13,0
2025-09-07T18:43:00.983000Z,2e702754-12da-4677-8056-3f6240b6755f,0.01,0.11,-0.06,-0.01,0,-0.05,0.02,0.05,0,0,1,0,0,0,0,0,0,0,0,0,0,0,0,0,1,,-0.06,-0.01,0
2025-09-07T18:43:01.009000Z,2e702754-12da-4677-8056-3f6240b6755f,0.01,0.11,0.08,0.22,0,-0.02,-0.02,0.02,0,0,1,0,0,0,0,0,0,0,0,0,0,0,0,0,1,,0.08,0.22,0
2025-09-07T18:43:01.028000Z,2e702754-12da-4677-8056-3f6240b6755f,0.01,0.11,-0.06,-0.08,0,-0.05,-0.03,-0.03,0,0,1,0,0,0,0,0,0,0,0,0,0,0,0,0,1,,-0.06,-0.08,0
2025-09-07T18:43:01.056000Z,2e702754-12da-4677-8056-3f6240b6755f,0.01,0.11,-0.04,0.17,0,0,-0.03,0.02,0,0,1,0,0,0,0,0,0,0,0,0,0,0,0,0,1,,-0.04,0.17,0
2025-09-07T18:43:01.071000Z,2e702754-12da-4677-8056-3f6240b6755f,0,0.1,-0.03,0.03,0,-0.02,-0.02,0,0,0,1,0,0,0,0,0,0,0,0,0,0,0,0,0,1,,-0.03,0.03,0
2025-09-07T18:43:01.102000Z,2e702754-12da-4677-8056-3f6240b6755f,0,0.1,-0.03,0,0,0,-0.03,0.02,0,0,1,0,0,0,0,0,0,0,0,0,0,0,0,0,1,,-0.03,0,0
2025-09-07T18:43:01.119000Z,2e702754-12da-4677-8056-3f6240b6755f,0,0.1,0.01,0.06,0,-0.03,-0.02,0.02,0,0,1,0,0,0,0,0,0,0,0,0,0,0,0,0,1,,0.01,0.06,0
2025-09-07T18:43:01.137000Z,2e702754-12da-4677-8056-3f6240b6755f,0,0.09,0.1,0.01,0,0,-0.02,0.02,0,0,1,0,0,0,0,0,0,0,0,0,0,0,0,0,1,,0.1,0.01,0
2025-09-07T18:43:01.159000Z,2e702754-12da-4677-8056-3f6240b6755f,0,0.09,0.03,0.18,0,-0.06,-0.08,0,0,0,1,0,0,0,0,0,0,0,0,0,0,0,0,0,1,,0.03,0.18,0
2025-09-07T18:43:01.184000Z,2e702754-12da-4677-8056-3f6240b6755f,0.01,0.1,0.04,0.1,0,-0.02,-0.11,0.05,0,0,1,0,0,0,0,0,0,0,0,0,0,0,0,0,1,,0.04,0.1,0
2025-09-07T18:43:01.197000Z,2e702754-12da-4677-8056-3f6240b6755f,0.01,0.09,-0.04,0.01,0,-0.02,-0.05,0.02,0,0,1.01,0,0,0,0,0,0,0,0,0,0,0,0,0,1,,-0.04,0.01,0
2025-09-07T18:43:01.224000Z,2e702754-12da-4677-8056-3f6240b6755f,0,0.09,-0.04,0.08,0,-0.06,0.03,0.02,0,0,1,0,0,0,0,0,0,0,0,0,0,0,0,0,1,,-0.04,0.08,0
2025-09-07T18:43:01.246000Z,2e702754-12da-4677-8056-3f6240b6755f,0,0.08,0.06,-0.01,0,-0.02,0.02,0.02,0,0,1,0,0,0,0,0,0,0,0,0,0,0,0,0,1,,0.06,-0.01,0
2025-09-07T18:43:01.274000Z,2e702754-12da-4677-8056-3f6240b6755f,0,0.08,-0.07,-0.04,0,-0.06,-0.02,0.02,0,0,1,0,0,0,0,0,0,0,0,0,0,0,0,0,1,,-0.07,-0.04,0
2025-09-07T18:43:01.296000Z,2e702754-12da-4677-8056-3f6240b6755f,0.01,0.08,0.07,0.25,0,0.02,-0.03,0.02,0,0,1,0,0,0,0,0,0,0,0,0,0,0,0,0,1,,0.07,0.25,0
2025-09-07T18:43:01.324000Z,2e702754-12da-4677-8056-3f6240b6755f,0.01,0.08,0.01,-0.07,0,0.02,-0.05,0.03,0,0,1,0,0,0,0,0,0,0,0,0,0,0,0,0,1,,0.01,-0.07,0
2025-09-07T18:43:01.325000Z,2e702754-12da-4677-8056-3f6240b6755f,0.02,0.08,0.11,0.21,0,0.05,-0.03,0.03,0,0,1,0,0,0,0,0,0,0,0,0,0,0,0,0,1,,0.11,0.21,0
2025-09-07T18:43:01.349000Z,2e702754-12da-4677-8056-3f6240b6755f,0.01,0.08,0,-0.04,0,-0.05,-0.02,0.02,0,0,1,0,0,0,0,0,0,0,0,0,0,0,0,0,1,,0,-0.04,0
2025-09-07T18:43:01.380000Z,2e702754-12da-4677-8056-3f6240b6755f,0.02,0.08,0,0.15,0,0.03,-0.06,0.02,0,0,1,0,0,0,0,0,0,0,0,0,0,0,0,0,1,,0,0.15,0
2025-09-07T18:43:01.396000Z,2e702754-12da-4677-8056-3f6240b6755f,0.02,0.08,0.07,0.1,0,-0.05,0,-0.02,0,0,1,0,0,0,0,0,0,0,0,0,0,0,0,0,1,,0.07,0.1,0
2025-09-07T18:43:01.415000Z,2e702754-12da-4677-8056-3f6240b6755f,0.02,0.07,0.03,-0.01,0,-0.05,-0.03,0.02,0,0,1,0,0,0,0,0,0,0,0,0,0,0,0,0,1,,0.03,-0.01,0
2025-09-07T18:43:01.447000Z,2e702754-12da-4677-8056-3f6240b6755f,0.02,0.08,-0.01,0.14,0,-0.06,-0.03,0.03,0,0,1.01,0,0,0,0,0,0,0,0,0,0,0,0,0,1,,-0.01,0.14,0
2025-09-07T18:43:01.468000Z,2e702754-12da-4677-8056-3f6240b6755f,0.02,0.08,0.06,0.06,0,0.03,-0.02,0,0,0,1,0,0,0,0,0,0,0,0,0,0,0,0,0,1,,0.06,0.06,0
2025-09-07T18:43:01.489000Z,2e702754-12da-4677-8056-3f6240b6755f,0.03,0.08,-0.01,0.14,0,0.02,-0.02,0.05,0,0,1.01,0,0,0,0,0,0,0,0,0,0,0,0,0,1,,-0.01,0.14,0
2025-09-07T18:43:01.524000Z,2e702754-12da-4677-8056-3f6240b6755f,0.03,0.08,0.01,0.08,0,-0.02,0,0.02,0,0,1,0,0,0,0,0,0,0,0,0,0,0,0,0,1,,0.01,0.08,0
2025-09-07T18:43:01.532000Z,2e702754-12da-4677-8056-3f6240b6755f,0.03,0.08,0.06,0.04,0,-0.03,-0.03,0.03,0,0,1,0,0,0,0,0,0,0,0,0,0,0,0,0,1,,0.06,0.04,0
2025-09-07T18:43:01.551000Z,2e702754-12da-4677-8056-3f6240b6755f,0.02,0.08,-0.1,0.1,0,-0.02,-0.02,0.02,0,0,1,0,0,0,0,0,0,0,0,0,0,0,0,0,1,,-0.1,0.1,0
2025-09-07T18:43:01.570000Z,2e702754-12da-4677-8056-3f6240b6755f,0.02,0.08,0.03,0.2,0,0.02,-0.08,0.03,0,0,1,0,0,0,0,0,0,0,0,0,0,0,0,0,1,,0.03,0.2,0
2025-09-07T18:43:01.598000Z,2e702754-12da-4677-8056-3f6240b6755f,0.01,0.08,-0.01,-0.03,0,-0.05,-0.05,0.03,0,0,1,0,0,0,0,0,0,0,0,0,0,0,0,0,1,,-0.01,-0.03,0
2025-09-07T18:43:01.621000Z,2e702754-12da-4677-8056-3f6240b6755f,0.01,0.08,-0.01,0.11,0,-0.02,-0.02,0.06,0,0,1,0,0,0,0,0,0,0,0,0,0,0,0,0,1,,-0.01,0.11,0
2025-09-07T18:43:01.647000Z,2e702754-12da-4677-8056-3f6240b6755f,0.01,0.08,0.11,0.08,0,0.02,-0.02,0.03,0,0,1,0,0,0,0,0,0,0,0,0,0,0,0,0,1,,0.11,0.08,0
2025-09-07T18:43:01.669000Z,2e702754-12da-4677-8056-3f6240b6755f,0.01,0.08,-0.07,-0.01,0,-0.03,-0.06,0.08,0,0,1,0,0,0,0,0,0,0,0,0,0,0,0,0,1,,-0.07,-0.01,0
2025-09-07T18:43:01.692000Z,2e702754-12da-4677-8056-3f6240b6755f,0.01,0.08,-0.07,0.17,0,-0.03,-0.05,0.03,0,0,1,0,0,0,0,0,0,0,0,0,0,0,0,0,1,,-0.07,0.17,0
2025-09-07T18:43:01.715000Z,2e702754-12da-4677-8056-3f6240b6755f,0,0.08,-0.06,-0.01,0,-0.05,-0.05,0.05,0,0,1,0,0,0,0,0,0,0,0,0,0,0,0,0,1,,-0.06,-0.01,0
2025-09-07T18:43:01.729000Z,2e702754-12da-4677-8056-3f6240b6755f,-0.01,0.08,-0.11,0.14,0,-0.03,-0.08,0.05,0,0,1,0,0,0,0,0,0,0,0,0,0,0,0,0,1,,-0.11,0.14,0
2025-09-07T18:43:01.752000Z,2e702754-12da-4677-8056-3f6240b6755f,-0.01,0.08,-0.03,0.03,0,-0.06,-0.03,0,0,0,1,0,0,0,0,0,0,0,0,0,0,0,0,0,1,,-0.03,0.03,0
2025-09-07T18:43:01.788000Z,2e702754-12da-4677-8056-3f6240b6755f,-0.01,0.07,0.01,0.03,0,0.02,-0.08,0.02,0,0,1,0,0,0,0,0,0,0,0,0,0,0,0,0,1,,0.01,0.03,0
2025-09-07T18:43:01.797000Z,2e702754-12da-4677-8056-3f6240b6755f,-0.01,0.07,-0.04,0.14,0,-0.03,0,0,0,0,1,0,0,0,0,0,0,0,0,0,0,0,0,0,1,,-0.04,0.14,0
2025-09-07T18:43:01.826000Z,2e702754-12da-4677-8056-3f6240b6755f,-0.01,0.07,0.04,0,0,-0.03,-0.03,0.06,0,0,1,0,0,0,0,0,0,0,0,0,0,0,0,0,1,,0.04,0,0
2025-09-07T18:43:01.846000Z,2e702754-12da-4677-8056-3f6240b6755f,-0.01,0.07,-0.01,0.17,0,-0.03,-0.06,0,0,0,1,0,0,0,0,0,0,0,0,0,0,0,0,0,1,,-0.01,0.17,0
2025-09-07T18:43:01.854000Z,2e702754-12da-4677-8056-3f6240b6755f,-0.01,0.07,0,0.01,0,-0.06,-0.03,0.06,0,0,1,0,0,0,0,0,0,0,0,0,0,0,0,0,1,,0,0.01,0
2025-09-07T18:43:01.890000Z,2e702754-12da-4677-8056-3f6240b6755f,-0.01,0.07,0.04,0.1,0,-0.03,-0.02,0.05,0,0,1,0,0,0,0,0,0,0,0,0,0,0,0,0,1,,0.04,0.1,0
2025-09-07T18:43:01.904000Z,2e702754-12da-4677-8056-3f6240b6755f,0,0.07,-0.01,0.06,0,-0.03,0.03,0.02,0,0,1,0,0,0,0,0,0,0,0,0,0,0,0,0,1,,-0.01,0.06,0
2025-09-07T18:43:01.930000Z,2e702754-12da-4677-8056-3f6240b6755f,0,0.08,0.08,0.24,0,-0.03,-0.03,0,0,0,1.01,0,0,0,0,0,0,0,0,0,0,0,0,0,1,,0.08,0.24,0
2025-09-07T18:43:01.951000Z,2e702754-12da-4677-8056-3f6240b6755f,0,0.08,-0.01,0,0,-0.05,-0.08,0,0,0,1.01,0,0,0,0,0,0,0,0,0,0,0,0,0,1,,-0.01,0,0
2025-09-07T18:43:01.973000Z,2e702754-12da-4677-8056-3f6240b6755f,0,0.08,0.06,0.15,0,-0.03,-0.05,0.03,0,0,1,0,0,0,0,0,0,0,0,0,0,0,0,0,1,,0.06,0.15,0
2025-09-07T18:43:01.991000Z,2e702754-12da-4677-8056-3f6240b6755f,0,0.08,0.07,0.1,0,-0.06,-0.02,-0.02,0,0,1,0,0,0,0,0,0,0,0,0,0,0,0,0,1,,0.07,0.1,0
2025-09-07T18:43:02.029000Z,2e702754-12da-4677-8056-3f6240b6755f,0,0.09,-0.03,0.22,0,0.02,-0.05,0.02,0,0,1.01,0,0,0,0,0,0,0,0,0,0,0,0,0,1,,-0.03,0.22,0
2025-09-07T18:43:02.030000Z,2e702754-12da-4677-8056-3f6240b6755f,0,0.09,0.01,0.18,0,0,-0.05,0,0,0,1,0,0,0,0,0,0,0,0,0,0,0,0,0,1,,0.01,0.18,0
2025-09-07T18:43:02.054000Z,2e702754-12da-4677-8056-3f6240b6755f,0,0.09,0.06,0.07,0,-0.02,-0.05,0.02,0,0,1,0,0,0,0,0,0,0,0,0,0,0,0,0,1,,0.06,0.07,0
2025-09-07T18:43:02.081000Z,2e702754-12da-4677-8056-3f6240b6755f,0,0.09,-0.04,0.06,0,-0.03,-0.05,-0.02,0,0,1,0,0,0,0,0,0,0,0,0,0,0,0,0,1,,-0.04,0.06,0
2025-09-07T18:43:02.102000Z,2e702754-12da-4677-8056-3f6240b6755f,0.01,0.09,0.11,0.07,0,-0.05,-0.05,0.02,0,0,1,0,0,0,0,0,0,0,0,0,0,0,0,0,1,,0.11,0.07,0
2025-09-07T18:43:02.129000Z,2e702754-12da-4677-8056-3f6240b6755f,0.01,0.09,-0.07,0.11,0,0.03,-0.03,0.02,0,0,1,0,0,0,0,0,0,0,0,0,0,0,0,0,1,,-0.07,0.11,0
2025-09-07T18:43:02.146000Z,2e702754-12da-4677-8056-3f6240b6755f,0.01,0.09,-0.04,0.06,0,-0.03,0.02,0.02,0,0,1,0,0,0,0,0,0,0,0,0,0,0,0,0,1,,-0.04,0.06,0
2025-09-07T18:43:02.164000Z,2e702754-12da-4677-8056-3f6240b6755f,0,0.09,0.04,0.21,0,-0.02,-0.02,0.05,0,0,1,0,0,0,0,0,0,0,0,0,0,0,0,0,1,,0.04,0.21,0
2025-09-07T18:43:02.184000Z,2e702754-12da-4677-8056-3f6240b6755f,0,0.09,-0.06,0.01,0,-0.02,-0.05,-0.02,0,0,1,0,0,0,0,0,0,0,0,0,0,0,0,0,1,,-0.06,0.01,0
2025-09-07T18:43:02.216000Z,2e702754-12da-4677-8056-3f6240b6755f,0,0.09,0.03,0.17,0,0,-0.03,0.03,0,0,1,0,0,0,0,0,0,0,0,0,0,0,0,0,1,,0.03,0.17,0